Product ID,Total_Sales,Transaction_Count,Avg_Sale,Sales_Share_%
TEC-CO-10004722,61599.82,5,12319.96,2.68
OFF-BI-10003527,27453.38,10,2745.34,1.2
TEC-MA-10002412,22638.48,1,22638.48,0.99
FUR-CH-10002024,21870.58,8,2733.82,0.95
OFF-BI-10001359,19823.48,11,1802.13,0.86
OFF-BI-10000545,19024.5,9,2113.83,0.83
TEC-CO-10001449,18839.69,8,2354.96,0.82
TEC-MA-10001127,18374.9,3,6124.96,0.8
OFF-BI-10004995,17965.07,6,2994.18,0.78
OFF-SU-10000151,17030.31,3,5676.77,0.74
TEC-MA-10000822,16829.9,4,4207.48,0.73
OFF-SU-10002881,16656.2,6,2776.03,0.73
OFF-BI-10001120,15875.92,3,5291.97,0.69
FUR-BO-10004834,15610.97,5,3122.19,0.68
TEC-MA-10001047,14299.89,2,7149.94,0.62
TEC-PH-10001459,13943.67,6,2323.94,0.61
TEC-AC-10002049,13756.54,15,917.1,0.6
TEC-PH-10002885,12996.6,6,2166.1,0.57
FUR-TA-10003473,12995.29,12,1082.94,0.57
FUR-CH-10001215,12975.38,9,1441.71,0.56
FUR-BO-10002213,12921.64,10,1292.16,0.56
TEC-CO-10003763,11619.83,4,2904.96,0.51
FUR-CH-10004287,11572.78,13,890.21,0.5
OFF-AP-10002945,11304.44,8,1413.06,0.49
TEC-AC-10003832,11203.76,18,622.43,0.49
TEC-MA-10000418,11099.96,3,3699.99,0.48
OFF-ST-10000078,10925.0,11,993.18,0.48
TEC-AC-10003033,10822.36,10,1082.24,0.47
FUR-CH-10000454,10637.53,12,886.46,0.46
FUR-TA-10000198,9917.64,5,1983.53,0.43
OFF-ST-10003716,9630.86,12,802.57,0.42
FUR-TA-10001889,9544.72,7,1363.53,0.42
TEC-MA-10000488,9279.88,4,2319.97,0.4
OFF-ST-10004459,9158.3,8,1144.79,0.4
FUR-CH-10003973,9070.94,8,1133.87,0.39
TEC-CO-10001046,8959.87,5,1791.97,0.39
TEC-CO-10002095,8899.82,7,1271.4,0.39
TEC-PH-10001817,8878.4,10,887.84,0.39
FUR-CH-10001854,8774.5,8,1096.81,0.38
FUR-CH-10004063,8665.19,8,1083.15,0.38
FUR-CH-10004086,8431.0,8,1053.87,0.37
FUR-TA-10001095,8209.06,13,631.47,0.36
OFF-ST-10001490,8138.23,13,626.02,0.35
TEC-PH-10001530,8111.14,9,901.24,0.35
OFF-BI-10003925,8070.19,6,1345.03,0.35
TEC-MA-10004125,7999.98,1,7999.98,0.35
OFF-BI-10004600,7985.38,8,998.17,0.35
FUR-CH-10003379,7979.44,9,886.6,0.35
TEC-MA-10000984,7834.4,2,3917.2,0.34
OFF-ST-10003208,7730.2,12,644.18,0.34
TEC-MA-10003979,7699.89,2,3849.94,0.34
TEC-PH-10004165,7699.72,9,855.52,0.34
FUR-CH-10002331,7582.37,6,1263.73,0.33
FUR-BO-10002545,7539.71,8,942.46,0.33
OFF-ST-10001780,7515.52,5,1503.1,0.33
TEC-PH-10002200,7437.89,8,929.74,0.32
FUR-TA-10003954,7404.5,5,1480.9,0.32
TEC-AC-10004145,7399.7,5,1479.94,0.32
FUR-TA-10000577,7242.77,8,905.35,0.32
TEC-PH-10000560,7139.8,6,1189.97,0.31
TEC-MA-10000045,6965.7,2,3482.85,0.3
FUR-TA-10002958,6942.07,8,867.76,0.3
FUR-CH-10002335,6936.1,9,770.68,0.3
TEC-PH-10001795,6935.86,5,1387.17,0.3
OFF-AP-10002651,6832.91,6,1138.82,0.3
OFF-ST-10003470,6819.31,6,1136.55,0.3
OFF-BI-10003650,6785.14,8,848.14,0.3
FUR-TA-10003569,6776.56,6,1129.43,0.29
FUR-CH-10004997,6748.48,10,674.85,0.29
OFF-ST-10001496,6594.95,10,659.5,0.29
FUR-CH-10000015,6584.64,6,1097.44,0.29
OFF-ST-10002615,6574.54,9,730.5,0.29
FUR-TA-10001950,6518.75,4,1629.69,0.28
FUR-CH-10002320,6483.8,4,1620.95,0.28
FUR-CH-10004495,6410.87,8,801.36,0.28
TEC-CO-10004115,6399.87,4,1599.97,0.28
TEC-PH-10000895,6227.65,8,778.46,0.27
TEC-PH-10002584,6134.7,5,1226.94,0.27
TEC-PH-10002624,6109.87,5,1221.97,0.27
FUR-CH-10000309,6084.14,5,1216.83,0.26
FUR-CH-10000785,6008.54,11,546.23,0.26
TEC-CO-10002313,5999.9,4,1499.98,0.26
FUR-CH-10002965,5989.2,11,544.47,0.26
FUR-TA-10004575,5965.09,7,852.16,0.26
OFF-AP-10000275,5906.52,3,1968.84,0.26
FUR-CH-10003746,5906.03,7,843.72,0.26
FUR-CH-10001394,5861.53,7,837.36,0.26
FUR-TA-10004915,5801.82,5,1160.36,0.25
TEC-MA-10004002,5787.36,3,1929.12,0.25
OFF-ST-10001526,5751.77,8,718.97,0.25
FUR-CH-10000595,5697.76,8,712.22,0.25
TEC-CO-10001766,5669.87,3,1889.96,0.25
FUR-TA-10004256,5634.9,4,1408.72,0.25
TEC-AC-10003870,5609.83,4,1402.46,0.24
OFF-ST-10000142,5572.79,5,1114.56,0.24
OFF-BI-10004632,5535.59,14,395.4,0.24
FUR-BO-10001811,5492.88,8,686.61,0.24
FUR-CH-10002880,5436.16,14,388.3,0.24
FUR-CH-10002073,5427.99,4,1357.0,0.24
TEC-PH-10004586,5327.26,6,887.88,0.23
FUR-CH-10000988,5294.46,10,529.45,0.23
TEC-PH-10004977,5291.73,9,587.97,0.23
FUR-CH-10003312,5282.42,6,880.4,0.23
FUR-CH-10004675,5212.11,7,744.59,0.23
TEC-MA-10001148,5204.24,5,1040.85,0.23
FUR-BO-10002613,5184.08,6,864.01,0.23
TEC-AC-10001838,5119.74,7,731.39,0.22
FUR-TA-10001932,5098.18,6,849.7,0.22
OFF-AP-10003849,5009.48,6,834.91,0.22
TEC-PH-10000984,4978.15,7,711.16,0.22
FUR-TA-10001539,4952.67,9,550.3,0.22
TEC-PH-10001363,4901.91,4,1225.48,0.21
FUR-BO-10004695,4886.46,7,698.07,0.21
TEC-CO-10004202,4859.84,7,694.26,0.21
OFF-ST-10001932,4829.25,7,689.89,0.21
OFF-ST-10002011,4778.77,3,1592.92,0.21
FUR-CH-10000513,4770.63,9,530.07,0.21
OFF-ST-10002743,4704.7,10,470.47,0.2
FUR-CH-10000847,4626.58,6,771.1,0.2
FUR-CH-10002602,4619.99,11,420.0,0.2
TEC-PH-10001494,4619.23,4,1154.81,0.2
OFF-ST-10003306,4600.09,8,575.01,0.2
FUR-TA-10002903,4544.92,5,908.98,0.2
OFF-ST-10001809,4509.47,11,409.95,0.2
OFF-ST-10000689,4479.03,7,639.86,0.19
OFF-AP-10001058,4476.96,4,1119.24,0.19
FUR-TA-10004154,4446.18,5,889.24,0.19
TEC-PH-10003012,4434.91,10,443.49,0.19
FUR-CH-10003981,4420.06,7,631.44,0.19
TEC-CO-10001571,4399.92,7,628.56,0.19
OFF-ST-10002756,4384.04,7,626.29,0.19
FUR-TA-10000617,4334.83,6,722.47,0.19
FUR-TA-10003748,4332.25,8,541.53,0.19
OFF-BI-10003091,4322.81,6,720.47,0.19
FUR-TA-10003238,4297.64,6,716.27,0.19
TEC-MA-10000864,4268.0,2,2134.0,0.19
TEC-PH-10004094,4211.73,6,701.96,0.18
OFF-BI-10004390,4209.8,4,1052.45,0.18
TEC-CO-10000971,4199.86,6,699.98,0.18
OFF-ST-10002574,4199.46,10,419.95,0.18
FUR-CH-10004983,4185.48,5,837.1,0.18
OFF-BI-10003656,4181.75,9,464.64,0.18
TEC-PH-10002496,4180.53,9,464.5,0.18
FUR-CH-10003774,4166.88,14,297.63,0.18
TEC-CO-10001943,4119.79,6,686.63,0.18
TEC-PH-10004539,4044.39,7,577.77,0.18
OFF-ST-10000046,4006.44,9,445.16,0.17
TEC-PH-10000730,3999.92,2,1999.96,0.17
TEC-AC-10002842,3998.4,8,499.8,0.17
TEC-MA-10002927,3991.98,1,3991.98,0.17
FUR-CH-10001708,3989.73,7,569.96,0.17
TEC-PH-10001578,3968.51,4,992.13,0.17
FUR-TA-10001768,3963.9,6,660.65,0.17
TEC-CO-10003236,3959.93,2,1979.97,0.17
FUR-CH-10000665,3955.68,9,439.52,0.17
OFF-ST-10003816,3946.66,8,493.33,0.17
FUR-FU-10000576,3861.06,5,772.21,0.17
OFF-AP-10003057,3855.18,3,1285.06,0.17
TEC-PH-10002549,3839.62,6,639.94,0.17
TEC-PH-10002834,3815.79,5,763.16,0.17
FUR-TA-10004619,3775.65,5,755.13,0.16
TEC-AC-10002637,3743.79,5,748.76,0.16
FUR-TA-10001307,3739.12,5,747.82,0.16
TEC-PH-10003645,3684.71,7,526.39,0.16
FUR-CH-10003298,3680.54,9,408.95,0.16
TEC-PH-10002415,3657.38,5,731.48,0.16
FUR-CH-10002647,3641.27,15,242.75,0.16
FUR-BO-10004218,3626.01,8,453.25,0.16
TEC-PH-10004447,3613.74,8,451.72,0.16
FUR-TA-10001771,3603.29,4,900.82,0.16
TEC-PH-10001557,3590.03,10,359.0,0.16
FUR-TA-10003392,3540.35,4,885.09,0.15
OFF-ST-10003805,3537.24,4,884.31,0.15
FUR-CH-10000155,3528.79,6,588.13,0.15
OFF-AP-10000828,3511.01,7,501.57,0.15
FUR-TA-10002645,3481.52,4,870.38,0.15
FUR-TA-10002530,3457.44,7,493.92,0.15
FUR-BO-10003404,3447.84,2,1723.92,0.15
FUR-BO-10003272,3420.77,6,570.13,0.15
TEC-PH-10003505,3415.04,11,310.46,0.15
TEC-MA-10003673,3404.5,1,3404.5,0.15
FUR-TA-10001705,3401.6,4,850.4,0.15
OFF-ST-10000025,3397.31,8,424.66,0.15
FUR-TA-10000688,3354.89,6,559.15,0.15
OFF-LA-10003930,3322.88,8,415.36,0.14
FUR-BO-10004015,3317.72,9,368.64,0.14
FUR-FU-10001468,3317.01,6,552.84,0.14
FUR-TA-10004534,3253.22,5,650.64,0.14
OFF-BI-10004318,3234.91,8,404.36,0.14
OFF-BI-10004584,3223.0,5,644.6,0.14
TEC-MA-10001972,3210.8,5,642.16,0.14
OFF-ST-10001097,3178.13,5,635.63,0.14
TEC-PH-10002310,3168.61,7,452.66,0.14
TEC-PH-10002103,3158.06,9,350.9,0.14
FUR-CH-10004218,3150.58,9,350.06,0.14
FUR-TA-10003715,3140.55,4,785.14,0.14
OFF-ST-10000585,3138.8,7,448.4,0.14
TEC-PH-10003691,3099.35,6,516.56,0.13
TEC-PH-10003072,3059.8,5,611.96,0.13
OFF-AP-10003590,3051.3,3,1017.1,0.13
TEC-PH-10001336,3044.16,9,338.24,0.13
TEC-MA-10000010,3040.0,1,3040.0,0.13
OFF-AP-10002684,3039.5,7,434.21,0.13
OFF-ST-10000991,3035.21,8,379.4,0.13
OFF-ST-10000736,3028.65,12,252.39,0.13
OFF-SU-10000157,2982.75,8,372.84,0.13
FUR-TA-10001086,2979.0,5,595.8,0.13
FUR-BO-10001337,2970.06,10,297.01,0.13
FUR-CH-10004853,2959.21,6,493.2,0.13
OFF-BI-10004519,2954.44,8,369.31,0.13
FUR-BO-10000780,2946.37,5,589.27,0.13
OFF-AP-10002534,2946.2,5,589.24,0.13
FUR-CH-10000863,2913.91,8,364.24,0.13
TEC-PH-10002922,2906.63,4,726.66,0.13
FUR-BO-10004357,2904.16,4,726.04,0.13
OFF-AP-10002518,2883.28,5,576.66,0.13
TEC-AC-10002001,2879.82,6,479.97,0.13
TEC-PH-10001760,2865.6,5,573.12,0.12
FUR-FU-10003664,2863.8,5,572.76,0.12
FUR-TA-10003008,2847.78,8,355.97,0.12
OFF-SU-10000646,2836.37,5,567.27,0.12
TEC-AC-10001908,2799.72,6,466.62,0.12
OFF-PA-10000994,2789.01,9,309.89,0.12
FUR-TA-10001039,2764.26,11,251.3,0.12
FUR-FU-10004306,2759.06,6,459.84,0.12
TEC-AC-10004666,2755.4,2,1377.7,0.12
TEC-PH-10000441,2746.58,8,343.32,0.12
TEC-PH-10002555,2744.87,4,686.22,0.12
FUR-BO-10001972,2740.2,7,391.46,0.12
OFF-ST-10001128,2730.11,6,455.02,0.12
OFF-AP-10002118,2706.08,6,451.01,0.12
FUR-CH-10002084,2705.78,5,541.16,0.12
FUR-FU-10002937,2699.06,8,337.38,0.12
FUR-TA-10002041,2671.42,6,445.24,0.12
TEC-AC-10002253,2659.84,4,664.96,0.12
FUR-CH-10000422,2647.81,9,294.2,0.12
TEC-PH-10004667,2645.8,6,440.97,0.12
OFF-SU-10003505,2641.61,8,330.2,0.11
TEC-PH-10000526,2630.13,7,375.73,0.11
TEC-AC-10003911,2623.84,5,524.77,0.11
TEC-AC-10004171,2619.74,6,436.62,0.11
OFF-ST-10000060,2612.2,8,326.52,0.11
TEC-PH-10001128,2609.83,4,652.46,0.11
FUR-CH-10002126,2586.19,4,646.55,0.11
OFF-ST-10004186,2552.54,5,510.51,0.11
FUR-TA-10002356,2542.47,6,423.74,0.11
TEC-MA-10002428,2541.84,3,847.28,0.11
TEC-MA-10003353,2519.96,1,2519.96,0.11
OFF-ST-10004123,2511.05,8,313.88,0.11
OFF-AP-10000891,2491.28,5,498.26,0.11
OFF-AP-10004487,2488.39,7,355.48,0.11
FUR-BO-10002916,2487.76,4,621.94,0.11
OFF-ST-10001370,2484.3,8,310.54,0.11
TEC-PH-10001944,2481.15,6,413.52,0.11
TEC-AC-10003198,2450.16,6,408.36,0.11
FUR-CH-10001146,2442.02,15,162.8,0.11
TEC-MA-10000112,2396.4,1,2396.4,0.1
FUR-CH-10004289,2389.9,7,341.41,0.1
FUR-CH-10001270,2389.12,8,298.64,0.1
TEC-AC-10000844,2362.72,8,295.34,0.1
TEC-MA-10002073,2339.98,2,1169.99,0.1
TEC-AC-10004571,2339.77,9,259.97,0.1
TEC-MA-10004679,2330.65,4,582.66,0.1
OFF-ST-10004340,2300.66,10,230.07,0.1
OFF-ST-10001522,2299.75,10,229.98,0.1
FUR-TA-10001520,2298.11,9,255.35,0.1
FUR-TA-10002855,2297.54,5,459.51,0.1
TEC-PH-10002114,2279.96,1,2279.96,0.1
FUR-FU-10001488,2267.97,7,324.0,0.1
OFF-BI-10001718,2264.89,10,226.49,0.1
TEC-PH-10003580,2252.43,4,563.11,0.1
TEC-AC-10003174,2242.03,6,373.67,0.1
FUR-TA-10002533,2241.87,5,448.37,0.1
TEC-PH-10000486,2227.01,3,742.34,0.1
TEC-PH-10002033,2221.6,4,555.4,0.1
OFF-AP-10000938,2221.56,4,555.39,0.1
FUR-CH-10000749,2207.96,2,1103.98,0.1
FUR-CH-10003817,2204.86,10,220.49,0.1
FUR-CH-10001482,2200.46,7,314.35,0.1
FUR-FU-10004665,2191.68,4,547.92,0.1
FUR-CH-10004477,2185.95,9,242.88,0.1
OFF-PA-10001970,2167.35,19,114.07,0.09
TEC-PH-10003811,2159.82,5,431.96,0.09
TEC-AC-10002402,2159.73,8,269.97,0.09
TEC-AC-10003095,2157.83,6,359.64,0.09
TEC-PH-10002680,2155.9,3,718.63,0.09
FUR-BO-10000362,2154.35,5,430.87,0.09
OFF-PA-10000357,2141.63,12,178.47,0.09
FUR-TA-10002607,2140.88,8,267.61,0.09
TEC-PH-10002275,2116.69,4,529.17,0.09
TEC-AC-10000990,2098.88,3,699.63,0.09
FUR-TA-10002774,2096.17,3,698.72,0.09
OFF-BI-10002026,2068.82,14,147.77,0.09
FUR-FU-10002298,2064.23,5,412.85,0.09
TEC-PH-10004345,2063.14,5,412.63,0.09
FUR-FU-10003806,2058.5,4,514.62,0.09
TEC-PH-10000369,2041.04,4,510.26,0.09
FUR-TA-10004607,2040.05,7,291.44,0.09
FUR-TA-10002228,2033.5,3,677.83,0.09
FUR-CH-10000229,2032.35,4,508.09,0.09
TEC-PH-10000038,2027.3,5,405.46,0.09
TEC-PH-10001835,2022.27,3,674.09,0.09
TEC-PH-10002824,2018.7,3,672.9,0.09
TEC-PH-10003484,2015.84,5,403.17,0.09
OFF-AP-10000576,2010.85,7,287.26,0.09
TEC-AC-10002567,1999.75,9,222.19,0.09
TEC-PH-10002563,1990.64,5,398.13,0.09
TEC-PH-10003601,1979.88,4,494.97,0.09
OFF-ST-10001511,1952.43,7,278.92,0.08
FUR-CH-10004626,1947.18,6,324.53,0.08
OFF-AP-10001394,1946.7,5,389.34,0.08
TEC-PH-10000576,1945.26,7,277.89,0.08
TEC-PH-10002447,1936.31,4,484.08,0.08
TEC-AC-10004659,1926.94,6,321.16,0.08
TEC-PH-10001580,1916.72,5,383.34,0.08
TEC-AC-10004975,1913.13,4,478.28,0.08
FUR-BO-10003034,1912.31,5,382.46,0.08
FUR-BO-10003159,1909.82,7,272.83,0.08
TEC-PH-10001079,1903.84,4,475.96,0.08
FUR-BO-10004467,1897.81,8,237.23,0.08
FUR-CH-10003833,1890.38,9,210.04,0.08
TEC-AC-10000892,1890.0,7,270.0,0.08
OFF-PA-10004359,1887.3,5,377.46,0.08
TEC-PH-10002660,1876.52,6,312.75,0.08
OFF-ST-10000036,1857.25,6,309.54,0.08
FUR-CH-10003199,1842.27,6,307.04,0.08
FUR-FU-10004864,1834.81,13,141.14,0.08
FUR-CH-10004698,1830.15,8,228.77,0.08
TEC-PH-10001619,1803.11,4,450.78,0.08
TEC-AC-10001606,1799.82,7,257.12,0.08
FUR-TA-10004086,1788.38,7,255.48,0.08
OFF-PA-10000418,1782.45,6,297.08,0.08
OFF-AP-10001205,1776.05,10,177.6,0.08
FUR-CH-10001973,1775.68,7,253.67,0.08
FUR-CH-10004886,1775.08,6,295.85,0.08
TEC-PH-10003963,1771.51,3,590.5,0.08
FUR-CH-10003396,1770.54,10,177.05,0.08
OFF-ST-10001963,1764.53,4,441.13,0.08
OFF-AP-10001005,1761.76,6,293.63,0.08
FUR-CH-10000225,1757.27,7,251.04,0.08
FUR-CH-10004860,1746.95,8,218.37,0.08
OFF-PA-10003395,1740.51,5,348.1,0.08
TEC-PH-10003273,1738.66,4,434.67,0.08
TEC-PH-10001254,1727.06,4,431.77,0.08
TEC-AC-10001142,1722.2,5,344.44,0.07
OFF-ST-10002292,1706.51,2,853.25,0.07
FUR-TA-10004289,1706.25,3,568.75,0.07
TEC-AC-10001990,1703.72,5,340.74,0.07
OFF-PA-10000100,1696.99,8,212.12,0.07
TEC-AC-10000474,1690.82,6,281.8,0.07
FUR-CH-10001714,1689.97,5,337.99,0.07
FUR-CH-10001545,1686.9,6,281.15,0.07
FUR-FU-10000277,1685.44,5,337.09,0.07
TEC-PH-10004042,1685.29,4,421.32,0.07
TEC-PH-10001299,1679.89,5,335.98,0.07
OFF-AP-10002457,1674.4,6,279.07,0.07
TEC-PH-10004908,1665.8,7,237.97,0.07
FUR-BO-10003965,1646.92,4,411.73,0.07
TEC-AC-10001432,1641.15,5,328.23,0.07
OFF-ST-10002344,1635.8,8,204.47,0.07
TEC-PH-10002483,1631.95,2,815.98,0.07
FUR-FU-10003601,1623.25,6,270.54,0.07
TEC-MA-10003356,1619.82,2,809.91,0.07
TEC-AC-10002800,1619.68,9,179.96,0.07
OFF-AR-10000380,1617.95,10,161.79,0.07
TEC-AC-10000736,1615.8,8,201.97,0.07
TEC-PH-10004614,1614.6,7,230.66,0.07
FUR-CH-10002439,1589.41,6,264.9,0.07
TEC-PH-10004120,1589.08,3,529.69,0.07
TEC-PH-10001425,1583.8,6,263.97,0.07
FUR-FU-10000308,1579.37,7,225.62,0.07
TEC-AC-10004469,1574.03,10,157.4,0.07
OFF-BI-10001071,1573.91,7,224.84,0.07
FUR-BO-10001608,1570.08,5,314.02,0.07
OFF-PA-10000675,1565.82,9,173.98,0.07
OFF-EN-10000056,1555.75,8,194.47,0.07
FUR-FU-10003192,1545.82,4,386.45,0.07
TEC-PH-10004536,1538.89,3,512.96,0.07
OFF-AP-10003217,1524.53,3,508.18,0.07
FUR-CH-10004875,1501.9,8,187.74,0.07
TEC-PH-10002645,1499.97,1,1499.97,0.07
TEC-AC-10002076,1497.0,4,374.25,0.07
TEC-AC-10000109,1489.33,9,165.48,0.06
FUR-BO-10003546,1474.31,4,368.58,0.06
FUR-BO-10003441,1473.3,6,245.55,0.06
OFF-AP-10003779,1473.11,4,368.28,0.06
FUR-FU-10003394,1469.16,7,209.88,0.06
TEC-PH-10002468,1468.69,5,293.74,0.06
OFF-ST-10001272,1465.74,5,293.15,0.06
FUR-CH-10003061,1448.84,8,181.1,0.06
OFF-ST-10004337,1445.26,5,289.05,0.06
TEC-PH-10004241,1439.97,1,1439.97,0.06
FUR-FU-10004848,1438.13,12,119.84,0.06
FUR-CH-10002961,1437.48,6,239.58,0.06
FUR-TA-10002622,1436.23,4,359.06,0.06
OFF-PA-10001033,1434.65,11,130.42,0.06
FUR-FU-10000293,1431.94,4,357.99,0.06
FUR-BO-10003966,1427.68,4,356.92,0.06
FUR-BO-10004709,1426.89,9,158.54,0.06
OFF-ST-10000563,1426.31,12,118.86,0.06
FUR-CH-10001891,1420.5,6,236.75,0.06
TEC-AC-10002926,1409.72,8,176.21,0.06
TEC-AC-10003628,1409.53,15,93.97,0.06
OFF-ST-10004804,1400.26,10,140.03,0.06
TEC-AC-10000420,1399.8,4,349.95,0.06
FUR-CH-10003535,1396.44,8,174.56,0.06
TEC-MA-10003626,1396.21,2,698.1,0.06
TEC-PH-10002352,1394.95,1,1394.95,0.06
TEC-MA-10002178,1391.4,2,695.7,0.06
TEC-PH-10004434,1386.69,3,462.23,0.06
TEC-PH-10001750,1385.79,8,173.22,0.06
OFF-AP-10002311,1383.08,10,138.31,0.06
TEC-MA-10004212,1379.92,1,1379.92,0.06
FUR-BO-10003893,1368.26,2,684.13,0.06
OFF-ST-10003656,1363.06,5,272.61,0.06
TEC-MA-10003230,1362.9,1,1362.9,0.06
OFF-EN-10003001,1360.48,4,340.12,0.06
OFF-EN-10002230,1359.67,6,226.61,0.06
TEC-MA-10003183,1343.92,3,447.97,0.06
FUR-CH-10003968,1341.52,6,223.59,0.06
TEC-PH-10001061,1339.87,4,334.97,0.06
TEC-PH-10002890,1339.1,10,133.91,0.06
FUR-FU-10004188,1329.9,5,265.98,0.06
FUR-FU-10003708,1322.17,6,220.36,0.06
OFF-PA-10001878,1320.57,7,188.65,0.06
FUR-BO-10002598,1320.23,5,264.05,0.06
OFF-AP-10000179,1320.17,3,440.06,0.06
FUR-CH-10002372,1311.88,7,187.41,0.06
TEC-PH-10004389,1310.3,3,436.77,0.06
FUR-FU-10003773,1304.13,5,260.83,0.06
FUR-TA-10004175,1296.03,3,432.01,0.06
OFF-BI-10002867,1291.25,6,215.21,0.06
OFF-ST-10000129,1287.95,3,429.32,0.06
TEC-MA-10004241,1286.85,2,643.42,0.06
TEC-PH-10001305,1283.54,6,213.92,0.06
OFF-ST-10002554,1281.44,9,142.38,0.06
OFF-PA-10001289,1279.08,8,159.88,0.06
FUR-FU-10004071,1268.92,4,317.23,0.06
FUR-CH-10002758,1268.7,2,634.35,0.06
OFF-EN-10003296,1266.72,5,253.34,0.06
FUR-FU-10004017,1264.58,7,180.65,0.06
FUR-BO-10001798,1263.96,4,315.99,0.06
TEC-PH-10001809,1259.58,5,251.92,0.05
TEC-AC-10001539,1247.84,4,311.96,0.05
OFF-AP-10000026,1243.79,6,207.3,0.05
FUR-CH-10003846,1242.05,4,310.51,0.05
OFF-ST-10001837,1240.04,8,155.0,0.05
OFF-LA-10003510,1233.41,11,112.13,0.05
TEC-AC-10002473,1231.69,11,111.97,0.05
FUR-TA-10004147,1231.56,4,307.89,0.05
TEC-PH-10003437,1229.84,4,307.46,0.05
TEC-AC-10001314,1229.75,8,153.72,0.05
OFF-PA-10003228,1222.75,5,244.55,0.05
TEC-PH-10000673,1221.81,5,244.36,0.05
OFF-BI-10000632,1219.82,11,110.89,0.05
OFF-BI-10001597,1217.11,12,101.43,0.05
TEC-MA-10002210,1212.7,2,606.35,0.05
OFF-AP-10001242,1207.2,8,150.9,0.05
FUR-FU-10002918,1200.94,5,240.19,0.05
OFF-ST-10002974,1193.82,7,170.55,0.05
OFF-ST-10001469,1187.56,7,169.65,0.05
FUR-FU-10000965,1184.23,6,197.37,0.05
TEC-AC-10001465,1184.03,9,131.56,0.05
OFF-BI-10003718,1180.7,2,590.35,0.05
OFF-AR-10002135,1166.44,5,233.29,0.05
TEC-PH-10000455,1159.9,3,386.63,0.05
TEC-AC-10001552,1154.66,5,230.93,0.05
TEC-PH-10002789,1154.33,3,384.78,0.05
TEC-AC-10003610,1139.81,6,189.97,0.05
TEC-PH-10001700,1135.03,7,162.15,0.05
OFF-ST-10000675,1125.15,7,160.74,0.05
TEC-PH-10001051,1119.89,4,279.97,0.05
TEC-PH-10002170,1119.84,6,186.64,0.05
FUR-BO-10001519,1119.2,5,223.84,0.05
FUR-FU-10004091,1117.43,8,139.68,0.05
OFF-ST-10000532,1115.92,6,185.99,0.05
FUR-FU-10000723,1115.64,9,123.96,0.05
FUR-FU-10001979,1114.38,6,185.73,0.05
OFF-AR-10002671,1113.02,1,1113.02,0.05
TEC-PH-10002726,1112.79,7,158.97,0.05
TEC-AC-10004353,1108.8,7,158.4,0.05
OFF-PA-10000474,1105.73,12,92.14,0.05
OFF-PA-10001125,1102.89,9,122.54,0.05
OFF-BI-10000977,1100.48,13,84.65,0.05
OFF-BI-10004593,1100.4,8,137.55,0.05
OFF-PA-10003302,1098.64,7,156.95,0.05
OFF-PA-10004071,1098.5,10,109.85,0.05
OFF-PA-10000806,1097.21,5,219.44,0.05
OFF-BI-10004224,1089.94,8,136.24,0.05
FUR-TA-10004152,1088.64,5,217.73,0.05
FUR-CH-10001190,1087.92,3,362.64,0.05
TEC-AC-10004568,1086.01,8,135.75,0.05
TEC-PH-10004922,1085.24,5,217.05,0.05
OFF-BI-10002735,1073.9,10,107.39,0.05
OFF-AP-10001293,1073.68,7,153.38,0.05
OFF-ST-10001418,1073.25,5,214.65,0.05
OFF-AR-10001953,1073.11,7,153.3,0.05
OFF-ST-10000877,1072.63,4,268.16,0.05
FUR-BO-10004690,1072.34,2,536.17,0.05
TEC-PH-10002398,1070.3,3,356.77,0.05
FUR-BO-10000330,1064.62,3,354.87,0.05
OFF-ST-10003692,1053.03,6,175.51,0.05
OFF-ST-10003282,1051.78,4,262.94,0.05
FUR-FU-10002253,1047.74,7,149.68,0.05
OFF-AP-10004540,1042.08,4,260.52,0.05
TEC-PH-10004531,1041.81,7,148.83,0.05
OFF-BI-10002082,1041.66,10,104.17,0.05
FUR-TA-10003469,1040.62,5,208.12,0.05
TEC-AC-10000580,1039.87,4,259.97,0.05
TEC-MA-10004552,1035.8,1,1035.8,0.05
TEC-MA-10003176,1029.6,2,514.8,0.04
OFF-AP-10001564,1023.35,3,341.12,0.04
OFF-PA-10000482,1016.79,6,169.47,0.04
FUR-BO-10001918,1014.17,3,338.06,0.04
TEC-MA-10002937,1007.98,1,1007.98,0.04
TEC-AC-10002942,1007.4,6,167.9,0.04
FUR-TA-10000849,1007.26,4,251.82,0.04
OFF-PA-10002377,1004.65,14,71.76,0.04
FUR-FU-10004904,1002.94,4,250.73,0.04
FUR-FU-10000747,1002.36,7,143.19,0.04
TEC-PH-10001918,1000.73,3,333.58,0.04
OFF-ST-10000604,980.23,7,140.03,0.04
OFF-PA-10003641,970.78,9,107.86,0.04
FUR-CH-10003761,969.25,2,484.63,0.04
FUR-CH-10001802,967.84,3,322.61,0.04
OFF-PA-10001815,960.8,5,192.16,0.04
OFF-PA-10001497,956.3,5,191.26,0.04
OFF-ST-10001713,953.82,6,158.97,0.04
OFF-AP-10001563,952.17,7,136.02,0.04
FUR-FU-10003553,949.03,5,189.81,0.04
OFF-AP-10001271,948.23,6,158.04,0.04
OFF-EN-10001453,939.09,5,187.82,0.04
OFF-AP-10003287,937.85,6,156.31,0.04
OFF-ST-10001476,937.46,5,187.49,0.04
FUR-BO-10001601,935.2,3,311.73,0.04
OFF-AP-10002578,929.48,7,132.78,0.04
TEC-AC-10001767,927.77,6,154.63,0.04
FUR-CH-10003956,922.74,4,230.68,0.04
FUR-TA-10004442,917.92,3,305.97,0.04
TEC-MA-10002859,917.9,2,458.95,0.04
TEC-PH-10003885,910.66,5,182.13,0.04
TEC-PH-10000215,908.7,6,151.45,0.04
TEC-PH-10002262,904.55,4,226.14,0.04
FUR-CH-10002304,901.51,7,128.79,0.04
OFF-BI-10001670,901.03,11,81.91,0.04
TEC-AC-10000158,899.75,9,99.97,0.04
OFF-ST-10003442,899.3,9,99.92,0.04
TEC-AC-10000358,888.97,6,148.16,0.04
TEC-AC-10002323,884.0,11,80.36,0.04
TEC-PH-10001433,882.1,4,220.53,0.04
FUR-CH-10001797,881.19,4,220.3,0.04
OFF-PA-10002254,881.09,7,125.87,0.04
OFF-PA-10003039,879.83,6,146.64,0.04
OFF-AR-10003373,873.64,7,124.81,0.04
OFF-ST-10003479,872.26,7,124.61,0.04
OFF-AP-10004708,867.77,9,96.42,0.04
FUR-FU-10001290,867.26,4,216.81,0.04
OFF-PA-10001144,865.49,5,173.1,0.04
OFF-ST-10003123,858.88,10,85.89,0.04
FUR-BO-10004409,858.86,6,143.14,0.04
OFF-PA-10000062,857.38,5,171.48,0.04
FUR-BO-10000711,851.76,2,425.88,0.04
OFF-ST-10003994,849.31,4,212.33,0.04
TEC-PH-10004093,846.22,7,120.89,0.04
TEC-PH-10002115,844.67,4,211.17,0.04
OFF-BI-10001543,842.17,8,105.27,0.04
FUR-FU-10001473,839.68,14,59.98,0.04
OFF-BI-10002133,834.6,8,104.32,0.04
TEC-PH-10003555,832.24,9,92.47,0.04
FUR-TA-10001857,828.1,4,207.02,0.04
OFF-ST-10002790,827.12,5,165.42,0.04
FUR-BO-10000112,825.17,1,825.17,0.04
OFF-AP-10002439,823.25,3,274.42,0.04
FUR-FU-10001185,822.74,5,164.55,0.04
FUR-CH-10004540,815.86,6,135.98,0.04
OFF-AP-10001391,812.16,2,406.08,0.04
TEC-PH-10002538,803.69,6,133.95,0.03
FUR-CH-10004754,803.46,7,114.78,0.03
FUR-BO-10003894,802.07,3,267.36,0.03
TEC-AC-10001714,789.82,7,112.83,0.03
FUR-FU-10003930,786.9,2,393.45,0.03
OFF-EN-10003055,783.61,7,111.94,0.03
OFF-BI-10001524,780.46,14,55.75,0.03
TEC-PH-10003931,779.87,6,129.98,0.03
TEC-AC-10004510,778.74,12,64.89,0.03
FUR-FU-10003268,775.61,6,129.27,0.03
TEC-AC-10001109,773.74,9,85.97,0.03
OFF-AP-10000240,770.11,5,154.02,0.03
OFF-PA-10000157,767.23,10,76.72,0.03
FUR-CH-10002774,764.7,7,109.24,0.03
FUR-FU-10002116,763.67,5,152.73,0.03
TEC-AC-10003023,759.94,5,151.99,0.03
OFF-AP-10001469,759.12,5,151.82,0.03
OFF-PA-10002581,755.91,6,125.99,0.03
FUR-BO-10002268,754.73,3,251.58,0.03
OFF-BI-10001989,753.18,10,75.32,0.03
TEC-PH-10002085,752.29,4,188.07,0.03
FUR-BO-10002824,748.86,3,249.62,0.03
TEC-PH-10001819,746.83,6,124.47,0.03
TEC-PH-10003171,746.17,7,106.6,0.03
OFF-PA-10003892,743.43,4,185.86,0.03
TEC-PH-10002923,739.8,10,73.98,0.03
OFF-AP-10002191,737.75,5,147.55,0.03
FUR-BO-10003660,729.23,3,243.08,0.03
TEC-PH-10003174,727.94,2,363.97,0.03
FUR-BO-10000468,723.84,6,120.64,0.03
TEC-MA-10001681,723.51,2,361.76,0.03
OFF-PA-10001954,721.74,5,144.35,0.03
TEC-AC-10001772,718.65,6,119.78,0.03
TEC-PH-10001198,709.92,4,177.48,0.03
OFF-ST-10003058,709.5,6,118.25,0.03
TEC-AC-10000865,708.0,4,177.0,0.03
FUR-CH-10003606,705.32,3,235.11,0.03
OFF-AR-10004022,705.21,6,117.53,0.03
OFF-BI-10003984,704.69,7,100.67,0.03
TEC-MA-10001695,703.71,1,703.71,0.03
FUR-FU-10004845,702.44,3,234.15,0.03
TEC-PH-10001924,699.9,5,139.98,0.03
OFF-BI-10003007,698.04,7,99.72,0.03
FUR-CH-10002044,694.19,2,347.1,0.03
OFF-AP-10003842,693.95,6,115.66,0.03
TEC-PH-10002564,689.77,8,86.22,0.03
TEC-PH-10000562,688.14,2,344.07,0.03
FUR-CH-10000553,685.59,5,137.12,0.03
OFF-PA-10003129,684.74,4,171.18,0.03
OFF-ST-10002276,683.55,5,136.71,0.03
FUR-FU-10001215,681.45,4,170.36,0.03
FUR-FU-10004973,678.24,12,56.52,0.03
OFF-AP-10002734,675.12,1,675.12,0.03
FUR-FU-10004006,673.87,6,112.31,0.03
OFF-AR-10004010,671.81,5,134.36,0.03
OFF-BI-10004492,669.5,7,95.64,0.03
OFF-BI-10003364,667.99,9,74.22,0.03
OFF-AP-10003040,665.68,5,133.14,0.03
OFF-AP-10002867,664.83,4,166.21,0.03
OFF-BI-10004330,661.94,7,94.56,0.03
OFF-BI-10000666,653.98,8,81.75,0.03
FUR-TA-10001676,653.12,9,72.57,0.03
OFF-ST-10004950,652.62,11,59.33,0.03
OFF-PA-10001357,651.44,5,130.29,0.03
FUR-BO-10003450,649.38,3,216.46,0.03
TEC-MA-10001856,649.0,1,649.0,0.03
OFF-AP-10001124,647.84,1,647.84,0.03
OFF-LA-10002762,639.03,8,79.88,0.03
FUR-TA-10004767,638.82,4,159.7,0.03
FUR-FU-10001876,636.61,7,90.94,0.03
OFF-EN-10001434,632.52,4,158.13,0.03
TEC-AC-10003590,626.54,5,125.31,0.03
TEC-PH-10004080,625.51,4,156.38,0.03
OFF-PA-10001736,623.74,5,124.75,0.03
TEC-AC-10002550,619.42,8,77.43,0.03
OFF-AR-10001044,618.56,9,68.73,0.03
TEC-PH-10001527,618.48,7,88.35,0.03
OFF-PA-10004039,615.78,5,123.16,0.03
OFF-PA-10004475,615.55,4,153.89,0.03
OFF-ST-10000943,614.06,7,87.72,0.03
OFF-ST-10000777,611.71,5,122.34,0.03
OFF-BI-10002854,611.05,8,76.38,0.03
OFF-EN-10002831,610.98,3,203.66,0.03
TEC-PH-10003092,607.07,6,101.18,0.03
TEC-PH-10002597,604.75,2,302.38,0.03
OFF-PA-10004327,603.54,5,120.71,0.03
FUR-CH-10002780,600.47,2,300.23,0.03
TEC-MA-10004626,600.0,2,300.0,0.03
TEC-PH-10001448,599.88,5,119.98,0.03
OFF-ST-10000934,598.31,5,119.66,0.03
TEC-MA-10003674,597.13,1,597.13,0.03
OFF-PA-10002923,597.07,6,99.51,0.03
TEC-PH-10003357,596.62,4,149.16,0.03
OFF-PA-10002222,593.84,6,98.97,0.03
TEC-AC-10001114,591.85,4,147.96,0.03
TEC-PH-10000675,590.33,3,196.78,0.03
OFF-PA-10001790,586.09,5,117.22,0.03
OFF-BI-10003982,583.64,10,58.36,0.03
TEC-AC-10000991,582.68,4,145.67,0.03
OFF-ST-10000676,581.58,2,290.79,0.03
FUR-FU-10001986,581.17,4,145.29,0.03
TEC-MA-10001016,575.82,2,287.91,0.03
OFF-PA-10003790,575.57,6,95.93,0.03
FUR-FU-10004748,575.46,4,143.86,0.03
OFF-LA-10001474,573.96,4,143.49,0.02
OFF-AR-10002240,573.65,4,143.41,0.02
OFF-PA-10002319,573.65,6,95.61,0.02
TEC-PH-10000011,571.71,5,114.34,0.02
TEC-AC-10004595,571.2,2,285.6,0.02
OFF-EN-10002504,570.78,7,81.54,0.02
OFF-BI-10003876,569.24,5,113.85,0.02
OFF-AR-10003903,565.39,4,141.35,0.02
TEC-AC-10003280,563.81,8,70.48,0.02
FUR-FU-10003975,563.03,5,112.61,0.02
OFF-AP-10000159,558.74,3,186.25,0.02
TEC-AC-10000057,557.81,5,111.56,0.02
TEC-AC-10002006,556.45,7,79.49,0.02
OFF-BI-10001765,554.24,6,92.37,0.02
OFF-EN-10000927,552.71,4,138.18,0.02
TEC-AC-10001874,551.91,3,183.97,0.02
FUR-FU-10002759,551.45,8,68.93,0.02
TEC-AC-10004901,549.89,4,137.47,0.02
OFF-AP-10004336,546.82,4,136.7,0.02
FUR-FU-10001602,546.19,6,91.03,0.02
TEC-PH-10001468,546.06,1,546.06,0.02
OFF-BI-10002794,545.03,7,77.86,0.02
TEC-AC-10003399,543.6,6,90.6,0.02
OFF-PA-10001019,543.46,8,67.93,0.02
TEC-PH-10001552,542.98,10,54.3,0.02
FUR-BO-10002853,540.8,4,135.2,0.02
OFF-PA-10003656,538.15,4,134.54,0.02
TEC-AC-10003116,536.05,8,67.01,0.02
FUR-FU-10004018,536.04,8,67.0,0.02
OFF-AR-10004602,533.37,7,76.2,0.02
TEC-AC-10001013,533.08,6,88.85,0.02
OFF-BI-10003684,532.16,9,59.13,0.02
FUR-FU-10003535,531.95,6,88.66,0.02
OFF-AR-10002067,531.71,6,88.62,0.02
OFF-PA-10004353,527.47,5,105.49,0.02
OFF-BI-10002429,526.61,9,58.51,0.02
OFF-AR-10003582,523.59,8,65.45,0.02
OFF-ST-10003641,520.08,3,173.36,0.02
FUR-TA-10001866,519.94,2,259.97,0.02
OFF-ST-10000636,518.94,7,74.13,0.02
OFF-ST-10001321,518.11,9,57.57,0.02
OFF-LA-10003923,518.0,9,57.56,0.02
OFF-ST-10001590,517.63,10,51.76,0.02
OFF-PA-10002120,516.62,3,172.21,0.02
TEC-PH-10004912,516.53,3,172.18,0.02
OFF-AP-10002350,516.22,8,64.53,0.02
TEC-PH-10004896,515.83,5,103.17,0.02
OFF-AP-10001154,515.79,3,171.93,0.02
FUR-FU-10004952,514.56,4,128.64,0.02
FUR-FU-10000758,513.71,5,102.74,0.02
OFF-PA-10000176,512.19,8,64.02,0.02
OFF-AR-10001955,511.87,8,63.98,0.02
FUR-FU-10003623,508.73,5,101.75,0.02
TEC-MA-10001031,506.28,1,506.28,0.02
OFF-BI-10001510,504.24,7,72.03,0.02
TEC-AC-10002335,503.86,4,125.96,0.02
TEC-AC-10000023,503.28,5,100.66,0.02
OFF-PA-10003823,501.88,3,167.29,0.02
OFF-PA-10000659,501.39,7,71.63,0.02
FUR-FU-10003039,500.31,6,83.38,0.02
TEC-AC-10003289,499.75,5,99.95,0.02
OFF-PA-10003134,499.62,4,124.9,0.02
TEC-PH-10000193,496.58,4,124.15,0.02
OFF-AR-10004042,496.25,6,82.71,0.02
OFF-BI-10000778,496.02,4,124.0,0.02
TEC-PH-10000439,495.88,4,123.97,0.02
TEC-AC-10002600,495.6,2,247.8,0.02
TEC-AC-10000927,491.84,4,122.96,0.02
TEC-PH-10003095,491.68,7,70.24,0.02
OFF-PA-10000167,489.48,6,81.58,0.02
FUR-BO-10004360,489.38,2,244.69,0.02
OFF-EN-10004483,488.9,7,69.84,0.02
TEC-PH-10000141,488.33,3,162.78,0.02
FUR-FU-10000076,487.51,6,81.25,0.02
OFF-BI-10004001,487.34,8,60.92,0.02
OFF-ST-10004180,483.7,5,96.74,0.02
OFF-ST-10002370,483.41,6,80.57,0.02
TEC-PH-10001615,481.23,5,96.25,0.02
OFF-ST-10002583,480.7,7,68.67,0.02
TEC-MA-10002790,479.99,1,479.99,0.02
TEC-AC-10004420,479.72,1,479.72,0.02
FUR-FU-10004460,479.34,2,239.67,0.02
TEC-AC-10003038,477.93,13,36.76,0.02
TEC-PH-10001300,477.66,5,95.53,0.02
OFF-ST-10000107,477.3,4,119.32,0.02
OFF-AR-10000588,476.16,9,52.91,0.02
TEC-PH-10000586,475.13,3,158.38,0.02
TEC-AC-10001284,469.4,5,93.88,0.02
FUR-FU-10000305,468.47,3,156.16,0.02
TEC-PH-10004522,467.92,3,155.97,0.02
FUR-FU-10000193,467.71,6,77.95,0.02
TEC-AC-10001267,467.22,5,93.44,0.02
TEC-PH-10003215,467.22,4,116.8,0.02
FUR-FU-10002878,467.07,6,77.85,0.02
OFF-BI-10004230,466.29,5,93.26,0.02
OFF-BI-10001658,466.0,12,38.83,0.02
TEC-MA-10002930,465.65,3,155.22,0.02
OFF-AP-10002892,464.2,7,66.31,0.02
FUR-FU-10003374,463.8,2,231.9,0.02
OFF-ST-10001228,462.33,9,51.37,0.02
TEC-AC-10004855,461.87,4,115.47,0.02
OFF-AR-10001615,460.29,7,65.76,0.02
OFF-ST-10001328,459.1,8,57.39,0.02
OFF-SU-10000898,458.7,7,65.53,0.02
OFF-PA-10000241,458.5,6,76.42,0.02
OFF-ST-10001558,457.97,11,41.63,0.02
FUR-FU-10001095,455.46,8,56.93,0.02
FUR-FU-10000629,455.07,8,56.88,0.02
TEC-PH-10004006,453.42,3,151.14,0.02
OFF-AP-10002495,452.96,3,150.99,0.02
OFF-BI-10000315,451.96,7,64.57,0.02
TEC-MA-10002109,449.97,2,224.98,0.02
OFF-ST-10003638,449.66,5,89.93,0.02
OFF-AP-10002403,448.9,4,112.23,0.02
OFF-SU-10002573,448.77,8,56.1,0.02
TEC-MA-10003246,447.97,1,447.97,0.02
OFF-AR-10002956,444.6,6,74.1,0.02
OFF-ST-10002485,444.0,8,55.5,0.02
OFF-PA-10001977,443.84,4,110.96,0.02
TEC-AC-10002217,443.68,7,63.38,0.02
TEC-PH-10003589,442.55,7,63.22,0.02
FUR-FU-10000222,441.73,5,88.35,0.02
TEC-AC-10003063,440.0,6,73.33,0.02
FUR-FU-10001588,437.7,4,109.43,0.02
OFF-AR-10002987,436.48,7,62.35,0.02
OFF-AP-10000358,436.13,9,48.46,0.02
FUR-FU-10001861,434.56,6,72.43,0.02
OFF-BI-10000069,433.79,8,54.22,0.02
OFF-EN-10004773,433.72,4,108.43,0.02
OFF-AP-10004859,432.43,8,54.05,0.02
OFF-AR-10000937,431.29,2,215.64,0.02
OFF-ST-10004507,428.75,10,42.88,0.02
TEC-PH-10000149,426.93,5,85.39,0.02
FUR-FU-10004270,426.56,16,26.66,0.02
FUR-BO-10001619,424.9,2,212.45,0.02
OFF-PA-10004381,422.75,4,105.69,0.02
OFF-BI-10001191,422.64,6,70.44,0.02
OFF-LA-10001074,421.01,6,70.17,0.02
TEC-AC-10000397,419.88,3,139.96,0.02
TEC-PH-10002807,419.23,4,104.81,0.02
OFF-PA-10004243,417.34,5,83.47,0.02
OFF-PA-10000483,415.13,4,103.78,0.02
TEC-PH-10003800,413.32,5,82.66,0.02
OFF-BI-10000962,410.0,10,41.0,0.02
OFF-AP-10004532,409.6,6,68.27,0.02
FUR-FU-10002501,409.54,6,68.26,0.02
OFF-ST-10001172,407.01,5,81.4,0.02
OFF-ST-10002289,406.78,4,101.7,0.02
OFF-PA-10001295,405.96,7,57.99,0.02
OFF-AR-10000538,405.36,3,135.12,0.02
OFF-AR-10001897,402.98,5,80.6,0.02
OFF-ST-10000642,402.82,6,67.14,0.02
FUR-BO-10002202,400.03,2,200.01,0.02
TEC-MA-10004458,396.0,1,396.0,0.02
TEC-PH-10004100,395.78,6,65.96,0.02
FUR-FU-10004960,390.66,3,130.22,0.02
OFF-BI-10002852,390.58,10,39.06,0.02
OFF-AR-10004260,389.7,3,129.9,0.02
TEC-AC-10004001,386.91,2,193.46,0.02
OFF-AP-10002765,386.75,6,64.46,0.02
OFF-BI-10004236,386.08,10,38.61,0.02
TEC-MA-10001570,385.8,1,385.8,0.02
TEC-PH-10004188,384.85,4,96.21,0.02
TEC-AC-10002647,383.04,2,191.52,0.02
TEC-AC-10004864,379.7,5,75.94,0.02
FUR-FU-10004622,379.4,3,126.47,0.02
TEC-PH-10002075,377.97,1,377.97,0.02
FUR-FU-10002045,377.91,4,94.48,0.02
OFF-BI-10002498,377.54,7,53.93,0.02
OFF-EN-10002500,375.73,7,53.68,0.02
OFF-ST-10002301,374.26,9,41.58,0.02
TEC-AC-10004859,374.07,4,93.52,0.02
TEC-AC-10001553,373.78,5,74.76,0.02
OFF-LA-10004544,372.96,7,53.28,0.02
OFF-BI-10003638,369.58,8,46.2,0.02
FUR-FU-10003247,369.25,6,61.54,0.02
OFF-ST-10000464,368.46,5,73.69,0.02
TEC-AC-10003657,367.09,5,73.42,0.02
TEC-AC-10001383,364.85,3,121.62,0.02
TEC-AC-10002399,361.38,6,60.23,0.02
TEC-AC-10004114,360.71,2,180.36,0.02
TEC-AC-10001956,359.7,2,179.85,0.02
FUR-FU-10000521,357.95,4,89.49,0.02
OFF-AP-10000696,357.62,8,44.7,0.02
TEC-AC-10002167,357.0,8,44.62,0.02
TEC-AC-10003441,355.95,7,50.85,0.02
OFF-BI-10003707,354.03,11,32.18,0.02
OFF-ST-10002406,353.29,6,58.88,0.02
OFF-PA-10000595,351.74,4,87.93,0.02
TEC-MA-10002981,350.97,1,350.97,0.02
TEC-AC-10003027,350.2,3,116.73,0.02
OFF-ST-10004963,348.22,6,58.04,0.02
OFF-ST-10000615,347.31,8,43.41,0.02
FUR-FU-10004090,346.79,7,49.54,0.02
OFF-BI-10001721,346.36,4,86.59,0.02
OFF-ST-10001325,345.84,11,31.44,0.02
OFF-ST-10000876,345.83,8,43.23,0.02
OFF-ST-10000798,344.72,4,86.18,0.02
OFF-AP-10000692,344.59,6,57.43,0.02
FUR-FU-10004597,344.1,4,86.02,0.01
OFF-AP-10001492,343.08,9,38.12,0.01
OFF-BI-10002353,342.77,11,31.16,0.01
OFF-PA-10004092,342.58,3,114.19,0.01
OFF-AR-10004648,342.55,4,85.64,0.01
TEC-MA-10000904,341.99,1,341.99,0.01
TEC-PH-10004959,341.67,2,170.83,0.01
OFF-ST-10000136,341.42,2,170.71,0.01
TEC-PH-10002293,339.83,6,56.64,0.01
FUR-FU-10000397,338.98,5,67.8,0.01
OFF-ST-10003455,338.12,7,48.3,0.01
OFF-EN-10001335,336.95,6,56.16,0.01
TEC-MA-10003066,336.51,1,336.51,0.01
TEC-PH-10001644,335.89,3,111.96,0.01
OFF-BI-10002225,334.37,7,47.77,0.01
OFF-PA-10003441,334.37,11,30.4,0.01
FUR-FU-10001475,334.1,5,66.82,0.01
OFF-AP-10002998,333.56,4,83.39,0.01
FUR-FU-10002379,331.76,2,165.88,0.01
OFF-AR-10004344,330.92,6,55.15,0.01
TEC-AC-10004227,329.95,7,47.14,0.01
OFF-PA-10003625,328.39,3,109.46,0.01
OFF-PA-10003127,327.11,6,54.52,0.01
OFF-EN-10004206,325.86,1,325.86,0.01
TEC-AC-10002305,324.0,6,54.0,0.01
TEC-PH-10002817,323.98,1,323.98,0.01
FUR-BO-10003433,322.19,3,107.4,0.01
TEC-AC-10000682,321.85,6,53.64,0.01
OFF-PA-10004530,321.44,4,80.36,0.01
OFF-EN-10000483,320.25,5,64.05,0.01
TEC-MA-10004255,319.92,1,319.92,0.01
OFF-ST-10002214,318.38,9,35.38,0.01
OFF-ST-10000419,317.77,7,45.4,0.01
FUR-FU-10003799,316.48,5,63.3,0.01
OFF-BI-10002931,314.55,4,78.64,0.01
OFF-BI-10004233,310.21,8,38.78,0.01
FUR-FU-10000087,308.99,6,51.5,0.01
OFF-BI-10002824,308.84,9,34.32,0.01
OFF-SU-10001218,307.44,7,43.92,0.01
OFF-SU-10002537,306.9,6,51.15,0.01
OFF-AP-10004980,303.36,4,75.84,0.01
OFF-ST-10000760,301.97,5,60.39,0.01
OFF-ST-10002486,300.14,8,37.52,0.01
TEC-MA-10000597,299.97,2,149.99,0.01
FUR-FU-10001057,299.85,4,74.96,0.01
OFF-AP-10004233,299.21,2,149.6,0.01
TEC-AC-10001266,299.0,8,37.38,0.01
FUR-FU-10003347,298.2,6,49.7,0.01
OFF-AR-10001725,297.99,6,49.66,0.01
OFF-PA-10003022,297.12,6,49.52,0.01
TEC-AC-10000710,296.64,3,98.88,0.01
OFF-FA-10004854,296.18,8,37.02,0.01
OFF-PA-10001363,294.72,5,58.94,0.01
OFF-AR-10002952,293.7,4,73.42,0.01
TEC-AC-10003447,291.85,4,72.96,0.01
FUR-FU-10002813,291.46,5,58.29,0.01
OFF-AP-10001947,289.46,6,48.24,0.01
OFF-AR-10001915,287.97,7,41.14,0.01
OFF-BI-10001628,287.87,10,28.79,0.01
OFF-EN-10003286,284.83,7,40.69,0.01
OFF-PA-10002421,284.38,4,71.1,0.01
OFF-ST-10002182,284.1,3,94.7,0.01
OFF-PA-10000380,281.89,8,35.24,0.01
TEC-PH-10001870,281.66,3,93.89,0.01
OFF-PA-10002986,280.56,11,25.51,0.01
TEC-AC-10004518,280.0,2,140.0,0.01
TEC-MA-10000029,279.96,2,139.98,0.01
OFF-PA-10000565,279.9,2,139.95,0.01
TEC-PH-10004833,279.63,4,69.91,0.01
FUR-FU-10003724,279.56,9,31.06,0.01
OFF-SU-10000381,279.3,8,34.91,0.01
OFF-AP-10002670,277.92,2,138.96,0.01
OFF-LA-10001158,277.38,7,39.63,0.01
OFF-BI-10003719,276.94,5,55.39,0.01
OFF-ST-10000344,276.66,7,39.52,0.01
TEC-AC-10002345,275.5,6,45.92,0.01
OFF-AR-10001958,275.08,7,39.3,0.01
TEC-PH-10000213,272.89,3,90.96,0.01
OFF-BI-10001294,271.44,5,54.29,0.01
FUR-FU-10001591,270.84,6,45.14,0.01
OFF-ST-10001031,270.25,5,54.05,0.01
OFF-BI-10001460,269.67,5,53.93,0.01
OFF-BI-10000309,269.39,9,29.93,0.01
OFF-BI-10001107,269.33,7,38.48,0.01
OFF-PA-10001509,268.5,5,53.7,0.01
OFF-PA-10002558,268.24,1,268.24,0.01
OFF-LA-10003498,266.4,4,66.6,0.01
OFF-AP-10000055,266.34,4,66.58,0.01
TEC-AC-10002718,265.54,6,44.26,0.01
FUR-FU-10001889,265.1,6,44.18,0.01
TEC-AC-10004761,264.44,4,66.11,0.01
OFF-AR-10000658,263.34,7,37.62,0.01
OFF-PA-10002137,262.96,7,37.57,0.01
FUR-FU-10001756,262.75,6,43.79,0.01
OFF-ST-10002205,262.67,3,87.56,0.01
OFF-AP-10003971,262.45,9,29.16,0.01
TEC-PH-10003988,261.6,8,32.7,0.01
FUR-FU-10004093,260.15,3,86.72,0.01
OFF-AP-10002472,259.8,2,129.9,0.01
OFF-ST-10004946,259.68,2,129.84,0.01
OFF-EN-10004386,259.09,5,51.82,0.01
OFF-BI-10003676,258.72,12,21.56,0.01
FUR-FU-10000672,258.72,5,51.74,0.01
OFF-BI-10004308,258.05,4,64.51,0.01
TEC-PH-10004897,257.74,7,36.82,0.01
OFF-PA-10001685,257.56,5,51.51,0.01
OFF-BI-10004828,256.12,6,42.69,0.01
OFF-AR-10003727,254.85,4,63.71,0.01
FUR-FU-10003878,253.65,6,42.27,0.01
TEC-PH-10002350,251.91,4,62.98,0.01
FUR-FU-10001934,251.76,5,50.35,0.01
TEC-AC-10004708,251.4,4,62.85,0.01
OFF-ST-10000649,251.2,5,50.24,0.01
TEC-AC-10004803,250.92,3,83.64,0.01
OFF-LA-10001297,248.4,6,41.4,0.01
OFF-ST-10003324,248.36,2,124.18,0.01
TEC-AC-10000171,248.29,5,49.66,0.01
OFF-EN-10003134,247.62,7,35.37,0.01
FUR-FU-10003577,246.65,3,82.22,0.01
OFF-PA-10001776,246.58,9,27.4,0.01
OFF-PA-10003673,245.44,9,27.27,0.01
FUR-CH-10002017,245.09,5,49.02,0.01
OFF-PA-10002499,244.7,2,122.35,0.01
OFF-EN-10001532,244.51,5,48.9,0.01
FUR-FU-10000246,244.4,5,48.88,0.01
OFF-AP-10003860,244.29,3,81.43,0.01
OFF-BI-10000088,241.56,8,30.2,0.01
OFF-EN-10003040,240.76,4,60.19,0.01
TEC-AC-10000303,239.94,3,79.98,0.01
TEC-PH-10000923,239.84,5,47.97,0.01
OFF-AP-10002082,239.58,6,39.93,0.01
OFF-BI-10001196,239.47,4,59.87,0.01
OFF-PA-10004100,238.46,8,29.81,0.01
OFF-BI-10003291,238.33,12,19.86,0.01
OFF-PA-10000740,237.54,3,79.18,0.01
OFF-SU-10004498,236.99,7,33.86,0.01
FUR-FU-10000023,236.78,9,26.31,0.01
OFF-ST-10002444,235.78,6,39.3,0.01
OFF-LA-10004545,235.56,5,47.11,0.01
OFF-BI-10001098,235.18,9,26.13,0.01
FUR-FU-10004053,234.78,6,39.13,0.01
OFF-AR-10004078,234.77,11,21.34,0.01
OFF-AP-10004249,234.61,5,46.92,0.01
TEC-PH-10001536,234.46,5,46.89,0.01
OFF-AR-10004456,234.24,4,58.56,0.01
TEC-AC-10002331,232.76,5,46.55,0.01
OFF-PA-10000501,231.86,3,77.29,0.01
OFF-ST-10001291,229.98,5,46.0,0.01
OFF-AP-10001962,229.89,6,38.31,0.01
OFF-AR-10003179,229.57,7,32.8,0.01
OFF-PA-10004665,227.94,5,45.59,0.01
OFF-PA-10002713,227.04,8,28.38,0.01
OFF-ST-10002352,225.04,6,37.51,0.01
OFF-FA-10002280,225.0,10,22.5,0.01
TEC-MA-10003589,224.94,1,224.94,0.01
OFF-ST-10004258,224.66,6,37.44,0.01
TEC-PH-10000127,223.89,2,111.94,0.01
OFF-PA-10004082,223.44,7,31.92,0.01
OFF-PA-10001166,222.43,10,22.24,0.01
OFF-AR-10003478,219.78,6,36.63,0.01
FUR-FU-10001940,219.7,10,21.97,0.01
OFF-ST-10002562,219.49,7,31.36,0.01
OFF-ST-10003996,218.42,4,54.6,0.01
OFF-PA-10000575,218.09,7,31.16,0.01
OFF-SU-10004261,217.22,4,54.31,0.01
TEC-PH-10000169,216.96,4,54.24,0.01
FUR-FU-10001085,216.34,4,54.08,0.01
FUR-FU-10002445,216.14,8,27.02,0.01
TEC-PH-10002583,215.89,5,43.18,0.01
OFF-PA-10001972,215.14,9,23.9,0.01
OFF-BI-10003910,215.11,10,21.51,0.01
OFF-BI-10004654,214.57,11,19.51,0.01
TEC-PH-10001949,213.48,1,213.48,0.01
OFF-PA-10004156,213.19,8,26.65,0.01
OFF-BI-10004781,212.66,5,42.53,0.01
OFF-BI-10004728,212.08,13,16.31,0.01
OFF-EN-10000461,211.51,8,26.44,0.01
FUR-FU-10003464,210.91,4,52.73,0.01
OFF-PA-10000019,209.95,8,26.24,0.01
OFF-AR-10001468,209.66,3,69.89,0.01
OFF-AR-10002445,209.57,7,29.94,0.01
OFF-BI-10001036,209.31,8,26.16,0.01
OFF-BI-10001636,208.22,9,23.14,0.01
OFF-ST-10000352,208.18,4,52.04,0.01
TEC-AC-10001998,207.9,6,34.65,0.01
OFF-BI-10001575,207.57,6,34.59,0.01
FUR-CH-10002317,207.18,1,207.18,0.01
TEC-MA-10004521,206.99,1,206.99,0.01
OFF-BI-10004826,204.72,6,34.12,0.01
TEC-MA-10000423,204.51,3,68.17,0.01
OFF-AP-10004785,203.94,4,50.98,0.01
TEC-AC-10004992,202.68,2,101.34,0.01
FUR-FU-10004351,202.59,6,33.77,0.01
TEC-PH-10004830,201.57,1,201.57,0.01
OFF-ST-10000885,201.45,4,50.36,0.01
OFF-PA-10003465,201.08,4,50.27,0.01
OFF-PA-10001950,200.16,5,40.03,0.01
TEC-PH-10004071,199.8,5,39.96,0.01
OFF-AP-10004036,199.73,4,49.93,0.01
OFF-EN-10003862,198.46,5,39.69,0.01
OFF-BI-10000050,197.83,10,19.78,0.01
OFF-AR-10002818,197.82,2,98.91,0.01
OFF-EN-10003567,197.82,3,65.94,0.01
TEC-PH-10000702,197.8,5,39.56,0.01
OFF-AP-10003099,197.72,1,197.72,0.01
OFF-FA-10001883,197.61,4,49.4,0.01
OFF-BI-10000474,197.17,7,28.17,0.01
OFF-PA-10002005,196.99,9,21.89,0.01
OFF-PA-10004911,196.98,5,39.4,0.01
OFF-PA-10000249,196.48,6,32.75,0.01
OFF-AR-10001446,196.35,5,39.27,0.01
FUR-FU-10003976,196.25,5,39.25,0.01
OFF-EN-10001539,196.06,7,28.01,0.01
OFF-SU-10004231,196.02,6,32.67,0.01
OFF-SU-10004884,195.05,3,65.02,0.01
FUR-FU-10004245,194.69,3,64.9,0.01
TEC-AC-10003499,194.54,5,38.91,0.01
FUR-FU-10004909,193.92,4,48.48,0.01
OFF-ST-10003722,193.61,4,48.4,0.01
OFF-FA-10003495,192.13,7,27.45,0.01
OFF-BI-10000174,191.98,9,21.33,0.01
OFF-PA-10001281,191.6,1,191.6,0.01
OFF-PA-10002245,191.36,7,27.34,0.01
OFF-BI-10002706,191.35,7,27.34,0.01
TEC-AC-10001101,190.77,4,47.69,0.01
TEC-PH-10004774,189.65,3,63.22,0.01
TEC-PH-10002844,188.95,4,47.24,0.01
OFF-PA-10003797,187.92,5,37.58,0.01
OFF-AP-10001366,186.66,4,46.66,0.01
OFF-PA-10001457,186.5,2,93.25,0.01
OFF-PA-10003724,184.62,7,26.37,0.01
TEC-AC-10004633,184.54,6,30.76,0.01
OFF-BI-10001617,184.05,7,26.29,0.01
OFF-BI-10004965,184.0,7,26.29,0.01
FUR-FU-10002364,183.02,12,15.25,0.01
OFF-PA-10000312,182.72,2,91.36,0.01
OFF-BI-10004209,182.51,10,18.25,0.01
OFF-AR-10003752,182.49,5,36.5,0.01
OFF-PA-10004996,181.46,5,36.29,0.01
OFF-AP-10003884,180.66,1,180.66,0.01
OFF-ST-10001505,180.6,8,22.57,0.01
FUR-FU-10002703,180.46,2,90.23,0.01
FUR-FU-10003691,180.31,5,36.06,0.01
TEC-MA-10003337,179.99,1,179.99,0.01
OFF-ST-10001580,179.76,5,35.95,0.01
OFF-SU-10004782,179.14,7,25.59,0.01
OFF-BI-10002103,179.01,10,17.9,0.01
OFF-PA-10003848,178.85,8,22.36,0.01
OFF-PA-10001725,178.3,2,89.15,0.01
OFF-LA-10002312,177.6,5,35.52,0.01
FUR-FU-10000221,176.78,9,19.64,0.01
OFF-BI-10000014,176.74,8,22.09,0.01
FUR-FU-10004671,176.7,6,29.45,0.01
OFF-ST-10000918,176.58,7,25.23,0.01
OFF-EN-10002986,176.29,2,88.14,0.01
OFF-LA-10001569,176.29,11,16.03,0.01
OFF-PA-10003172,176.26,8,22.03,0.01
OFF-EN-10002592,176.02,4,44.0,0.01
FUR-FU-10000010,175.94,10,17.59,0.01
FUR-FU-10000448,175.78,4,43.94,0.01
TEC-PH-10002070,175.42,3,58.47,0.01
OFF-BI-10001078,175.39,7,25.06,0.01
OFF-BI-10004002,174.73,7,24.96,0.01
OFF-PA-10002160,174.56,8,21.82,0.01
TEC-AC-10004396,174.24,3,58.08,0.01
TEC-PH-10000376,173.83,7,24.83,0.01
OFF-AR-10001860,173.5,6,28.92,0.01
OFF-PA-10000477,172.78,7,24.68,0.01
OFF-BI-10000320,172.69,10,17.27,0.01
OFF-AR-10001683,171.39,6,28.56,0.01
OFF-AR-10003514,171.14,8,21.39,0.01
FUR-FU-10002396,171.09,5,34.22,0.01
OFF-PA-10001870,171.07,8,21.38,0.01
OFF-AR-10004691,171.04,3,57.01,0.01
OFF-BI-10001249,170.98,10,17.1,0.01
TEC-AC-10004814,170.97,1,170.97,0.01
OFF-AP-10000390,170.74,3,56.91,0.01
FUR-FU-10002088,170.62,7,24.37,0.01
OFF-PA-10002764,170.1,3,56.7,0.01
OFF-PA-10001667,169.83,8,21.23,0.01
OFF-PA-10004101,169.78,5,33.96,0.01
OFF-PA-10002968,169.02,2,84.51,0.01
FUR-FU-10002671,168.84,5,33.77,0.01
FUR-FU-10001037,168.74,7,24.11,0.01
OFF-PA-10002195,168.46,12,14.04,0.01
OFF-AP-10000027,168.39,4,42.1,0.01
OFF-LA-10004093,168.13,9,18.68,0.01
FUR-FU-10002554,167.93,4,41.98,0.01
OFF-PA-10002666,166.7,4,41.68,0.01
OFF-SU-10004664,166.06,4,41.51,0.01
OFF-PA-10003651,165.66,5,33.13,0.01
OFF-BI-10000301,164.98,13,12.69,0.01
OFF-PA-10001804,164.33,8,20.54,0.01
OFF-EN-10004459,163.5,9,18.17,0.01
FUR-FU-10004587,163.33,3,54.44,0.01
FUR-FU-10003849,161.92,5,32.38,0.01
OFF-PA-10004041,161.32,6,26.89,0.01
FUR-FU-10001487,160.54,5,32.11,0.01
OFF-EN-10001099,160.39,5,32.08,0.01
OFF-PA-10000726,160.34,4,40.08,0.01
TEC-PH-10003535,159.98,1,159.98,0.01
OFF-SU-10001664,159.4,7,22.77,0.01
OFF-LA-10002043,159.39,5,31.88,0.01
FUR-FU-10000175,159.27,4,39.82,0.01
FUR-FU-10004963,159.25,6,26.54,0.01
FUR-FU-10003798,158.24,2,79.12,0.01
OFF-AP-10000326,157.92,1,157.92,0.01
OFF-AR-10004062,157.2,3,52.4,0.01
OFF-BI-10004817,156.94,7,22.42,0.01
FUR-FU-10002157,156.8,3,52.27,0.01
OFF-PA-10000300,155.84,3,51.95,0.01
FUR-FU-10003832,155.71,5,31.14,0.01
OFF-PA-10002689,155.52,5,31.1,0.01
FUR-FU-10000794,155.38,5,31.08,0.01
OFF-LA-10000414,155.25,4,38.81,0.01
OFF-PA-10000919,155.04,1,155.04,0.01
TEC-AC-10004877,154.56,5,30.91,0.01
FUR-FU-10002456,154.34,7,22.05,0.01
OFF-LA-10002945,153.72,6,25.62,0.01
OFF-LA-10000240,153.51,7,21.93,0.01
OFF-BI-10001922,153.25,5,30.65,0.01
OFF-SU-10000946,153.22,4,38.3,0.01
OFF-PA-10000174,152.14,6,25.36,0.01
FUR-FU-10003142,152.06,6,25.34,0.01
FUR-FU-10003424,151.66,3,50.55,0.01
OFF-PA-10004888,151.63,8,18.95,0.01
OFF-PA-10003591,151.54,3,50.51,0.01
OFF-AP-10003266,151.06,4,37.77,0.01
TEC-AC-10003614,150.67,5,30.13,0.01
OFF-PA-10000061,150.34,4,37.58,0.01
OFF-AP-10003281,149.92,5,29.98,0.01
OFF-PA-10001712,149.85,3,49.95,0.01
FUR-FU-10003731,149.7,5,29.94,0.01
OFF-AR-10002656,149.63,5,29.93,0.01
FUR-FU-10002268,149.26,7,21.32,0.01
TEC-AC-10001635,148.03,3,49.34,0.01
TEC-PH-10003187,147.93,4,36.98,0.01
OFF-PA-10001934,147.74,8,18.47,0.01
OFF-AP-10004136,147.53,2,73.76,0.01
OFF-AP-10001303,147.26,4,36.82,0.01
OFF-BI-10004970,147.03,13,11.31,0.01
OFF-BI-10000948,146.98,6,24.5,0.01
OFF-FA-10003112,146.75,7,20.96,0.01
OFF-EN-10001219,146.69,8,18.34,0.01
OFF-PA-10004735,146.45,5,29.29,0.01
FUR-FU-10000820,146.11,4,36.53,0.01
OFF-AR-10004999,145.91,6,24.32,0.01
OFF-ST-10004634,145.73,6,24.29,0.01
FUR-FU-10000719,145.69,4,36.42,0.01
OFF-PA-10001800,145.15,8,18.14,0.01
OFF-PA-10000143,144.67,6,24.11,0.01
FUR-FU-10001967,143.93,6,23.99,0.01
OFF-PA-10001639,143.86,6,23.98,0.01
OFF-BI-10002215,143.42,7,20.49,0.01
OFF-BI-10002982,143.01,11,13.0,0.01
OFF-PA-10002262,142.56,6,23.76,0.01
OFF-BI-10004738,142.05,6,23.68,0.01
OFF-BI-10000829,141.88,7,20.27,0.01
OFF-BI-10001153,141.61,4,35.4,0.01
OFF-PA-10004983,141.26,6,23.54,0.01
OFF-PA-10004621,141.26,7,20.18,0.01
OFF-AR-10003338,139.87,7,19.98,0.01
OFF-FA-10000621,139.62,7,19.95,0.01
OFF-FA-10000134,139.44,5,27.89,0.01
OFF-PA-10002479,139.39,8,17.42,0.01
OFF-PA-10001184,138.74,6,23.12,0.01
OFF-PA-10002036,138.67,5,27.73,0.01
OFF-PA-10002250,138.53,7,19.79,0.01
OFF-AR-10003156,138.18,5,27.64,0.01
FUR-FU-10000771,138.16,4,34.54,0.01
OFF-BI-10003694,137.81,6,22.97,0.01
OFF-BI-10003460,137.53,9,15.28,0.01
FUR-FU-10001918,137.17,8,17.15,0.01
OFF-LA-10004484,137.12,10,13.71,0.01
OFF-PA-10000246,136.82,5,27.36,0.01
OFF-BI-10003429,136.73,9,15.19,0.01
FUR-TA-10001691,136.46,1,136.46,0.01
OFF-BI-10001072,136.44,4,34.11,0.01
OFF-PA-10001593,136.34,5,27.27,0.01
FUR-FU-10002597,136.34,7,19.48,0.01
OFF-SU-10003567,136.32,4,34.08,0.01
TEC-AC-10004209,136.28,5,27.26,0.01
OFF-BI-10003476,135.8,6,22.63,0.01
FUR-FU-10002960,135.65,5,27.13,0.01
OFF-PA-10004451,134.78,7,19.25,0.01
OFF-BI-10004040,134.68,9,14.96,0.01
OFF-BI-10004139,133.86,2,66.93,0.01
OFF-PA-10004285,133.6,6,22.27,0.01
FUR-FU-10000732,133.14,7,19.02,0.01
TEC-PH-10004348,133.13,2,66.56,0.01
OFF-PA-10001838,132.89,10,13.29,0.01
OFF-BI-10003712,131.1,11,11.92,0.01
TEC-MA-10003173,131.1,2,65.55,0.01
OFF-PA-10000743,130.93,6,21.82,0.01
OFF-EN-10001990,130.64,6,21.77,0.01
OFF-PA-10004040,129.17,5,25.83,0.01
OFF-AP-10000252,128.7,4,32.17,0.01
OFF-FA-10000624,128.16,7,18.31,0.01
OFF-AR-10001419,128.03,6,21.34,0.01
TEC-PH-10004700,127.87,4,31.97,0.01
OFF-AR-10003504,127.54,7,18.22,0.01
OFF-PA-10001534,127.01,5,25.4,0.01
TEC-PH-10003875,126.36,3,42.12,0.01
OFF-PA-10002893,125.84,5,25.17,0.01
FUR-FU-10001196,125.79,5,25.16,0.01
OFF-BI-10004364,125.33,12,10.44,0.01
OFF-EN-10001141,125.17,4,31.29,0.01
TEC-AC-10001590,125.0,2,62.5,0.01
OFF-PA-10002870,124.8,5,24.96,0.01
FUR-FU-10000073,124.74,3,41.58,0.01
OFF-PA-10002606,124.61,4,31.15,0.01
OFF-BI-10001900,124.59,4,31.15,0.01
FUR-FU-10000260,124.59,4,31.15,0.01
OFF-AR-10003696,124.49,3,41.5,0.01
OFF-PA-10001937,124.42,7,17.77,0.01
OFF-AR-10003631,123.9,4,30.98,0.01
OFF-AR-10001761,123.81,6,20.63,0.01
OFF-AR-10001374,123.12,6,20.52,0.01
OFF-PA-10004438,122.8,3,40.93,0.01
OFF-BI-10003708,122.18,6,20.36,0.01
OFF-PA-10000304,121.82,6,20.3,0.01
OFF-PA-10001994,121.39,3,40.46,0.01
OFF-LA-10002475,121.35,6,20.22,0.01
FUR-FU-10001867,121.3,3,40.43,0.01
OFF-AR-10004757,120.7,11,10.97,0.01
OFF-PA-10001569,120.53,4,30.13,0.01
OFF-PA-10002787,120.53,8,15.07,0.01
OFF-PA-10002246,119.97,6,20.0,0.01
OFF-BI-10002072,119.92,5,23.98,0.01
FUR-BO-10002206,119.83,1,119.83,0.01
FUR-FU-10004666,119.56,3,39.85,0.01
TEC-PH-10000148,119.51,5,23.9,0.01
OFF-PA-10003883,119.21,5,23.84,0.01
OFF-AR-10000034,118.72,6,19.79,0.01
OFF-PA-10000349,118.52,9,13.17,0.01
OFF-AR-10000122,118.3,7,16.9,0.01
OFF-BI-10001116,117.74,10,11.77,0.01
OFF-BI-10002799,117.59,7,16.8,0.01
FUR-FU-10002553,117.28,2,58.64,0.01
OFF-PA-10001471,116.96,4,29.24,0.01
OFF-BI-10001097,116.5,9,12.94,0.01
OFF-BI-10003981,116.22,7,16.6,0.01
OFF-PA-10000791,115.43,6,19.24,0.01
OFF-BI-10000404,115.24,6,19.21,0.01
FUR-FU-10001706,115.19,10,11.52,0.01
OFF-BI-10001634,115.02,6,19.17,0.01
OFF-PA-10001526,114.54,8,14.32,0.0
OFF-PA-10000327,113.85,6,18.97,0.0
OFF-LA-10001613,113.47,13,8.73,0.0
OFF-ST-10003327,113.2,4,28.3,0.0
OFF-BI-10001757,112.67,10,11.27,0.0
OFF-PA-10000289,111.46,6,18.58,0.0
OFF-AR-10002399,110.76,7,15.82,0.0
OFF-BI-10001553,110.59,8,13.82,0.0
OFF-BI-10002309,110.48,6,18.41,0.0
OFF-LA-10003766,110.25,7,15.75,0.0
OFF-PA-10003072,110.16,6,18.36,0.0
OFF-PA-10003363,110.16,4,27.54,0.0
OFF-PA-10000520,110.16,5,22.03,0.0
OFF-PA-10001892,110.02,5,22.0,0.0
OFF-BI-10002437,110.02,3,36.67,0.0
OFF-LA-10001934,109.65,4,27.41,0.0
OFF-PA-10004569,109.58,6,18.26,0.0
OFF-PA-10003893,109.57,7,15.65,0.0
FUR-FU-10001546,108.94,7,15.56,0.0
OFF-EN-10002312,108.68,4,27.17,0.0
OFF-BI-10001308,108.64,8,13.58,0.0
OFF-PA-10001745,108.42,3,36.14,0.0
FUR-FU-10003194,108.08,4,27.02,0.0
FUR-FU-10001935,108.04,8,13.5,0.0
TEC-AC-10001090,107.96,2,53.98,0.0
TEC-AC-10001542,107.91,3,35.97,0.0
OFF-AP-10002222,107.51,4,26.88,0.0
OFF-PA-10002615,106.72,8,13.34,0.0
OFF-LA-10001641,106.47,8,13.31,0.0
OFF-PA-10002464,106.35,4,26.59,0.0
OFF-PA-10000587,106.29,4,26.57,0.0
OFF-AP-10003278,106.17,5,21.23,0.0
OFF-BI-10003305,105.85,6,17.64,0.0
OFF-PA-10004610,105.29,7,15.04,0.0
TEC-AC-10002134,105.14,3,35.05,0.0
OFF-PA-10003309,104.98,4,26.24,0.0
TEC-PH-10003442,104.5,5,20.9,0.0
TEC-AC-10003237,103.88,3,34.63,0.0
OFF-PA-10003256,103.86,3,34.62,0.0
OFF-BI-10000343,102.62,12,8.55,0.0
OFF-AR-10000914,102.61,4,25.65,0.0
OFF-PA-10000069,102.49,3,34.16,0.0
OFF-BI-10002071,102.26,9,11.36,0.0
OFF-SU-10004661,102.0,5,20.4,0.0
TEC-MA-10002694,101.99,1,101.99,0.0
FUR-FU-10003095,101.94,1,101.94,0.0
OFF-PA-10002586,101.59,6,16.93,0.0
OFF-AR-10003560,100.93,6,16.82,0.0
OFF-BI-10002412,100.92,5,20.18,0.0
OFF-EN-10001028,100.63,2,50.32,0.0
OFF-BI-10003963,100.46,3,33.49,0.0
OFF-BI-10001758,100.39,4,25.1,0.0
OFF-PA-10000210,99.9,1,99.9,0.0
OFF-BI-10002571,99.8,6,16.63,0.0
OFF-BI-10001031,99.32,8,12.42,0.0
OFF-ST-10003572,99.12,2,49.56,0.0
OFF-PA-10004675,99.06,6,16.51,0.0
FUR-FU-10000409,98.87,3,32.96,0.0
OFF-PA-10003177,98.5,7,14.07,0.0
FUR-FU-10003919,98.14,2,49.07,0.0
FUR-FU-10002030,97.81,2,48.91,0.0
OFF-SU-10000952,97.68,3,32.56,0.0
OFF-PA-10004782,97.2,4,24.3,0.0
OFF-PA-10004255,97.2,4,24.3,0.0
OFF-LA-10000305,97.02,4,24.26,0.0
OFF-AR-10003056,96.73,7,13.82,0.0
OFF-BI-10002432,96.65,8,12.08,0.0
TEC-AC-10000290,96.42,4,24.1,0.0
FUR-FU-10001424,96.03,6,16.0,0.0
OFF-AR-10003405,95.94,4,23.98,0.0
OFF-PA-10003349,95.9,6,15.98,0.0
OFF-PA-10000788,95.9,6,15.98,0.0
OFF-PA-10000029,95.9,6,15.98,0.0
OFF-LA-10003148,95.76,5,19.15,0.0
OFF-LA-10000407,95.62,4,23.9,0.0
OFF-SU-10001165,95.08,5,19.02,0.0
OFF-AR-10004269,94.99,5,19.0,0.0
OFF-PA-10002947,94.86,5,18.97,0.0
OFF-AR-10000716,94.86,7,13.55,0.0
OFF-BI-10000756,94.13,8,11.77,0.0
FUR-FU-10001731,93.98,8,11.75,0.0
OFF-LA-10001771,93.62,5,18.72,0.0
FUR-FU-10000755,93.6,2,46.8,0.0
FUR-FU-10002506,93.53,3,31.18,0.0
OFF-PA-10001001,93.25,1,93.25,0.0
OFF-EN-10002600,93.22,7,13.32,0.0
OFF-AR-10003829,93.15,9,10.35,0.0
OFF-FA-10002780,92.98,5,18.6,0.0
OFF-BI-10002557,92.82,8,11.6,0.0
OFF-PA-10003845,92.48,4,23.12,0.0
OFF-PA-10004971,92.48,8,11.56,0.0
OFF-FA-10000585,92.14,8,11.52,0.0
OFF-BI-10000138,91.73,8,11.47,0.0
OFF-AP-10004868,91.69,4,22.92,0.0
OFF-ST-10000321,91.52,6,15.25,0.0
TEC-MA-10003493,91.48,1,91.48,0.0
OFF-BI-10000605,91.44,9,10.16,0.0
OFF-LA-10002195,91.17,5,18.23,0.0
FUR-BO-10001567,90.88,1,90.88,0.0
OFF-SU-10002503,90.88,4,22.72,0.0
OFF-AR-10003158,90.74,5,18.15,0.0
OFF-LA-10000121,90.72,3,30.24,0.0
OFF-BI-10003727,90.71,9,10.08,0.0
OFF-AR-10003045,90.55,7,12.94,0.0
OFF-PA-10002709,89.7,2,44.85,0.0
OFF-PA-10002751,89.7,4,22.42,0.0
OFF-BI-10003274,89.55,9,9.95,0.0
OFF-PA-10002365,89.42,5,17.88,0.0
OFF-LA-10002787,89.25,6,14.88,0.0
OFF-SU-10004737,88.92,3,29.64,0.0
OFF-AR-10004685,88.9,7,12.7,0.0
OFF-LA-10002034,88.38,4,22.1,0.0
OFF-AR-10000817,88.16,7,12.59,0.0
OFF-PA-10001260,88.11,2,44.06,0.0
TEC-AC-10002018,88.07,5,17.61,0.0
OFF-EN-10003448,88.01,2,44.0,0.0
OFF-AP-10003622,87.75,5,17.55,0.0
OFF-FA-10002763,87.69,6,14.62,0.0
OFF-BI-10003355,87.65,8,10.96,0.0
FUR-FU-10004020,87.52,5,17.5,0.0
OFF-LA-10003223,87.4,6,14.57,0.0
OFF-BI-10000546,87.26,12,7.27,0.0
OFF-PA-10001461,86.84,2,43.42,0.0
OFF-AR-10003732,86.74,11,7.89,0.0
OFF-AR-10004441,86.11,7,12.3,0.0
OFF-AR-10000411,86.08,2,43.04,0.0
OFF-BI-10004410,86.0,4,21.5,0.0
OFF-BI-10002949,85.73,8,10.72,0.0
OFF-PA-10000295,85.54,3,28.51,0.0
OFF-PA-10003001,85.5,4,21.38,0.0
OFF-BI-10000279,85.26,4,21.31,0.0
OFF-LA-10003720,84.87,7,12.12,0.0
FUR-FU-10004712,84.84,2,42.42,0.0
FUR-FU-10002885,84.83,6,14.14,0.0
OFF-PA-10003270,84.48,4,21.12,0.0
OFF-LA-10004689,84.39,5,16.88,0.0
OFF-PA-10000552,84.24,5,16.85,0.0
OFF-PA-10000223,84.24,5,16.85,0.0
OFF-AR-10000475,83.95,4,20.99,0.0
TEC-PH-10000004,83.94,2,41.97,0.0
OFF-AP-10002287,83.9,5,16.78,0.0
OFF-PA-10000533,83.71,6,13.95,0.0
OFF-LA-10004853,83.66,6,13.94,0.0
FUR-FU-10003096,83.49,3,27.83,0.0
TEC-AC-10002857,83.44,3,27.81,0.0
OFF-AR-10000390,83.43,7,11.92,0.0
OFF-BI-10003669,83.16,7,11.88,0.0
OFF-BI-10002827,82.95,6,13.82,0.0
FUR-FU-10000320,82.83,6,13.81,0.0
OFF-AR-10002375,82.66,7,11.81,0.0
OFF-PA-10004733,82.37,3,27.46,0.0
OFF-PA-10001952,82.22,2,41.11,0.0
OFF-BI-10000145,81.74,13,6.29,0.0
OFF-AR-10002053,81.65,7,11.66,0.0
OFF-SU-10004115,81.42,4,20.36,0.0
OFF-AR-10000634,81.32,7,11.62,0.0
FUR-FU-10004586,81.01,6,13.5,0.0
OFF-AR-10001149,80.95,7,11.56,0.0
OFF-PA-10001560,80.94,5,16.19,0.0
TEC-AC-10000521,80.78,4,20.2,0.0
OFF-AR-10003602,80.59,7,11.51,0.0
OFF-BI-10003314,80.49,9,8.94,0.0
OFF-PA-10004609,80.35,4,20.09,0.0
OFF-SU-10001225,80.22,8,10.03,0.0
OFF-AR-10001246,79.97,7,11.42,0.0
OFF-ST-10001034,79.4,1,79.4,0.0
TEC-PH-10002185,79.23,5,15.85,0.0
OFF-PA-10004355,79.06,5,15.81,0.0
OFF-PA-10001293,79.06,3,26.35,0.0
OFF-LA-10003190,78.34,9,8.7,0.0
OFF-EN-10002621,78.24,5,15.65,0.0
OFF-ST-10002957,78.14,5,15.63,0.0
OFF-BI-10001890,78.04,8,9.76,0.0
OFF-EN-10004955,77.9,3,25.97,0.0
OFF-AR-10001988,77.87,3,25.96,0.0
OFF-PA-10001801,77.74,3,25.91,0.0
OFF-FA-10004395,77.24,5,15.45,0.0
OFF-FA-10002975,77.11,4,19.28,0.0
OFF-PA-10001215,77.09,3,25.7,0.0
OFF-PA-10000466,76.84,3,25.61,0.0
OFF-SU-10001574,76.65,10,7.66,0.0
OFF-PA-10003936,76.46,4,19.12,0.0
OFF-PA-10002259,76.09,3,25.36,0.0
OFF-AR-10000255,75.92,3,25.31,0.0
OFF-PA-10000213,75.7,3,25.23,0.0
OFF-AR-10001662,75.62,7,10.8,0.0
OFF-SU-10002557,75.49,4,18.87,0.0
TEC-PH-10003356,75.49,3,25.16,0.0
OFF-BI-10004140,75.43,13,5.8,0.0
OFF-AR-10001221,75.35,2,37.67,0.0
OFF-AR-10001954,75.31,4,18.83,0.0
OFF-EN-10000781,75.16,2,37.58,0.0
TEC-AC-10000387,75.1,3,25.03,0.0
OFF-PA-10001609,73.7,6,12.28,0.0
OFF-BI-10000285,72.91,5,14.58,0.0
OFF-PA-10003016,72.85,5,14.57,0.0
OFF-BI-10001267,72.81,5,14.56,0.0
OFF-PA-10004734,72.8,2,36.4,0.0
FUR-FU-10000550,72.71,6,12.12,0.0
OFF-PA-10002749,72.25,3,24.08,0.0
OFF-BI-10002003,72.04,7,10.29,0.0
TEC-MA-10003329,71.98,1,71.98,0.0
OFF-BI-10001679,71.93,5,14.39,0.0
OFF-EN-10003068,71.28,4,17.82,0.0
OFF-LA-10001982,71.25,5,14.25,0.0
OFF-PA-10000528,70.75,4,17.69,0.0
OFF-PA-10000807,70.19,3,23.4,0.0
OFF-PA-10000232,69.98,5,14.0,0.0
OFF-BI-10002764,69.77,8,8.72,0.0
OFF-FA-10001561,69.76,8,8.72,0.0
OFF-PA-10001846,69.36,5,13.87,0.0
OFF-ST-10000617,69.14,6,11.52,0.0
OFF-BI-10003166,68.88,7,9.84,0.0
OFF-LA-10000248,68.63,6,11.44,0.0
OFF-AR-10000203,68.48,4,17.12,0.0
OFF-PA-10002659,68.28,5,13.66,0.0
OFF-EN-10003798,68.28,2,34.14,0.0
OFF-BI-10000136,68.17,3,22.72,0.0
OFF-EN-10001509,68.14,11,6.19,0.0
OFF-AR-10000614,67.83,4,16.96,0.0
OFF-PA-10002230,67.73,4,16.93,0.0
OFF-BI-10000822,67.25,5,13.45,0.0
OFF-FA-10000936,67.12,6,11.19,0.0
OFF-AR-10003394,67.03,5,13.41,0.0
OFF-LA-10004559,66.82,6,11.14,0.0
OFF-BI-10004506,66.66,5,13.33,0.0
OFF-BI-10000773,66.57,8,8.32,0.0
FUR-FU-10001617,66.56,2,33.28,0.0
OFF-LA-10000443,66.42,8,8.3,0.0
OFF-BI-10002414,66.41,5,13.28,0.0
OFF-LA-10003121,66.08,3,22.03,0.0
OFF-FA-10000992,66.03,5,13.21,0.0
OFF-AR-10003481,65.6,6,10.93,0.0
OFF-AR-10000127,65.6,4,16.4,0.0
OFF-EN-10003160,65.52,3,21.84,0.0
OFF-AR-10003183,65.46,8,8.18,0.0
TEC-PH-10000347,65.34,6,10.89,0.0
FUR-FU-10003829,65.3,7,9.33,0.0
OFF-AR-10000940,65.27,7,9.32,0.0
OFF-BI-10002976,65.25,4,16.31,0.0
OFF-PA-10003657,65.06,5,13.01,0.0
TEC-PH-10002365,64.97,3,21.66,0.0
OFF-PA-10003036,64.06,4,16.02,0.0
OFF-FA-10004248,64.04,5,12.81,0.0
FUR-FU-10002874,63.82,1,63.82,0.0
OFF-BI-10001525,63.63,8,7.95,0.0
TEC-PH-10000307,63.51,3,21.17,0.0
OFF-BI-10001132,62.95,4,15.74,0.0
OFF-EN-10003072,62.86,4,15.71,0.0
FUR-FU-10002191,62.82,5,12.56,0.0
OFF-LA-10003537,62.65,2,31.33,0.0
OFF-PA-10000673,62.61,2,31.3,0.0
OFF-AR-10003651,62.32,6,10.39,0.0
OFF-EN-10004007,62.28,1,62.28,0.0
OFF-BI-10001787,62.13,4,15.53,0.0
OFF-AP-10000804,61.82,4,15.46,0.0
OFF-AR-10000246,61.72,5,12.34,0.0
TEC-PH-10000912,61.54,2,30.77,0.0
OFF-AR-10001547,61.44,8,7.68,0.0
OFF-PA-10000809,60.91,5,12.18,0.0
OFF-AR-10001166,60.64,3,20.21,0.0
OFF-PA-10000682,60.11,4,15.03,0.0
OFF-PA-10004519,60.03,4,15.01,0.0
TEC-AC-10000926,59.98,1,59.98,0.0
OFF-BI-10001759,59.82,5,11.96,0.0
OFF-AR-10001427,59.8,4,14.95,0.0
OFF-AR-10003759,59.7,7,8.53,0.0
FUR-FU-10002111,59.7,3,19.9,0.0
OFF-AR-10004587,59.49,2,29.74,0.0
FUR-FU-10001379,58.78,2,29.39,0.0
OFF-FA-10002988,58.69,8,7.34,0.0
OFF-EN-10004030,58.64,6,9.77,0.0
OFF-LA-10003077,58.48,2,29.24,0.0
OFF-FA-10004968,58.34,4,14.59,0.0
OFF-PA-10002105,58.32,3,19.44,0.0
OFF-PA-10001947,57.41,4,14.35,0.0
OFF-BI-10002393,57.4,6,9.57,0.0
OFF-PA-10000130,57.35,4,14.34,0.0
OFF-LA-10000134,56.67,6,9.45,0.0
OFF-LA-10000262,56.38,6,9.4,0.0
OFF-PA-10003971,56.21,4,14.05,0.0
TEC-PH-10004924,56.16,3,18.72,0.0
OFF-AR-10002766,56.16,4,14.04,0.0
FUR-FU-10002685,56.1,2,28.05,0.0
OFF-AP-10004052,56.09,5,11.22,0.0
OFF-LA-10004345,55.97,4,13.99,0.0
OFF-PA-10004965,55.94,3,18.65,0.0
OFF-BI-10004094,55.76,5,11.15,0.0
OFF-FA-10000304,54.94,7,7.85,0.0
OFF-PA-10000551,54.91,3,18.3,0.0
OFF-EN-10001415,54.68,5,10.94,0.0
OFF-PA-10001307,54.6,4,13.65,0.0
TEC-AC-10002558,54.58,2,27.29,0.0
OFF-BI-10000216,54.47,3,18.16,0.0
OFF-PA-10000556,54.43,2,27.22,0.0
OFF-AR-10002280,54.35,2,27.17,0.0
OFF-FA-10000735,54.31,5,10.86,0.0
OFF-EN-10002973,53.76,3,17.92,0.0
OFF-LA-10004425,53.75,5,10.75,0.0
OFF-LA-10004409,53.57,5,10.71,0.0
FUR-FU-10001025,53.46,3,17.82,0.0
OFF-ST-10003221,53.4,3,17.8,0.0
OFF-BI-10004099,52.99,4,13.25,0.0
OFF-PA-10003063,52.8,3,17.6,0.0
FUR-TA-10003837,51.78,2,25.89,0.0
OFF-AR-10004817,51.6,3,17.2,0.0
OFF-BI-10002012,51.48,12,4.29,0.0
OFF-BI-10004465,51.48,5,10.3,0.0
OFF-PA-10000350,51.36,2,25.68,0.0
OFF-BI-10002954,51.18,6,8.53,0.0
OFF-PA-10000007,51.12,3,17.04,0.0
OFF-LA-10000452,51.03,6,8.51,0.0
OFF-EN-10003845,50.92,5,10.18,0.0
OFF-AR-10002257,50.77,6,8.46,0.0
OFF-FA-10002815,50.62,3,16.87,0.0
OFF-AP-10001626,50.57,7,7.22,0.0
OFF-FA-10001843,50.39,4,12.6,0.0
OFF-LA-10000081,50.25,4,12.56,0.0
OFF-EN-10004147,50.23,3,16.74,0.0
OFF-PA-10004000,50.14,4,12.53,0.0
OFF-PA-10001583,49.98,2,24.99,0.0
OFF-PA-10001763,49.95,2,24.98,0.0
OFF-PA-10000605,49.71,3,16.57,0.0
OFF-PA-10000697,49.5,3,16.5,0.0
OFF-PA-10003953,49.25,5,9.85,0.0
OFF-AR-10004752,49.13,4,12.28,0.0
OFF-AR-10001573,48.93,6,8.15,0.0
FUR-FU-10001847,48.85,5,9.77,0.0
OFF-PA-10004947,48.79,3,16.26,0.0
OFF-LA-10002271,48.05,5,9.61,0.0
OFF-FA-10000053,48.01,6,8.0,0.0
OFF-AR-10004956,47.99,3,16.0,0.0
OFF-AR-10004790,47.88,2,23.94,0.0
OFF-LA-10001175,47.81,4,11.95,0.0
FUR-FU-10002963,47.75,4,11.94,0.0
OFF-AP-10004655,47.54,2,23.77,0.0
OFF-AR-10003190,47.23,6,7.87,0.0
OFF-PA-10004239,47.08,4,11.77,0.0
OFF-AR-10004511,47.08,2,23.54,0.0
OFF-AR-10003217,46.94,2,23.47,0.0
OFF-PA-10003729,46.66,2,23.33,0.0
OFF-LA-10001317,46.62,5,9.32,0.0
FUR-FU-10004415,46.59,4,11.65,0.0
OFF-PA-10001204,46.46,5,9.29,0.0
OFF-FA-10002983,46.38,3,15.46,0.0
OFF-ST-10001414,46.26,1,46.26,0.0
OFF-AR-10001940,45.92,4,11.48,0.0
OFF-AR-10003856,45.59,6,7.6,0.0
OFF-BI-10002897,45.51,4,11.38,0.0
OFF-LA-10004178,45.43,3,15.14,0.0
FUR-FU-10000206,45.4,7,6.49,0.0
OFF-PA-10001246,45.36,2,22.68,0.0
OFF-AR-10000657,45.15,5,9.03,0.0
OFF-SU-10004290,45.14,3,15.05,0.0
FUR-FU-10002508,45.04,2,22.52,0.0
OFF-AR-10002335,44.89,6,7.48,0.0
OFF-LA-10001045,44.37,6,7.4,0.0
OFF-LA-10001404,44.28,4,11.07,0.0
OFF-SU-10002522,44.23,5,8.85,0.0
TEC-AC-10000199,44.03,3,14.68,0.0
OFF-AR-10003251,43.92,7,6.27,0.0
OFF-BI-10003196,43.76,8,5.47,0.0
OFF-AR-10003772,43.75,2,21.88,0.0
OFF-AP-10000595,43.7,4,10.92,0.0
OFF-SU-10002189,43.67,3,14.56,0.0
OFF-AR-10003469,42.94,8,5.37,0.0
OFF-AR-10001177,42.64,3,14.21,0.0
TEC-AC-10001445,42.42,3,14.14,0.0
OFF-BI-10004187,42.11,6,7.02,0.0
OFF-BI-10002160,41.91,7,5.99,0.0
TEC-MA-10000752,41.9,2,20.95,0.0
OFF-SU-10000432,41.64,4,10.41,0.0
OFF-BI-10001982,41.34,7,5.91,0.0
OFF-EN-10001137,41.3,4,10.32,0.0
OFF-PA-10004470,40.9,3,13.63,0.0
OFF-FA-10001332,40.9,5,8.18,0.0
OFF-BI-10004528,40.32,4,10.08,0.0
OFF-PA-10001826,40.18,2,20.09,0.0
OFF-AR-10003811,39.78,4,9.94,0.0
FUR-FU-10003026,39.69,3,13.23,0.0
OFF-BI-10000848,39.38,6,6.56,0.0
OFF-AR-10001868,38.98,8,4.87,0.0
OFF-BI-10003350,38.92,4,9.73,0.0
OFF-AR-10001315,38.72,7,5.53,0.0
OFF-BI-10004022,38.64,8,4.83,0.0
OFF-BI-10002194,38.3,4,9.58,0.0
OFF-AP-10000124,38.27,2,19.14,0.0
OFF-PA-10001622,38.14,4,9.53,0.0
OFF-BI-10004656,38.02,7,5.43,0.0
OFF-PA-10000955,37.93,3,12.64,0.0
OFF-AR-10000799,37.7,2,18.85,0.0
OFF-AR-10002467,37.55,3,12.52,0.0
OFF-AR-10004930,37.52,3,12.51,0.0
FUR-FU-10002107,37.46,4,9.37,0.0
OFF-BI-10003655,37.24,2,18.62,0.0
OFF-AR-10002804,37.16,5,7.43,0.0
OFF-PA-10004248,36.96,2,18.48,0.0
OFF-BI-10003529,36.92,6,6.15,0.0
OFF-ST-10001627,36.74,1,36.74,0.0
OFF-EN-10004846,36.71,4,9.18,0.0
OFF-AR-10001545,36.61,6,6.1,0.0
FUR-FU-10002505,36.4,4,9.1,0.0
OFF-PA-10001837,36.29,2,18.14,0.0
FUR-FU-10003489,36.16,2,18.08,0.0
OFF-FA-10000611,36.11,7,5.16,0.0
OFF-PA-10003205,35.95,2,17.97,0.0
FUR-FU-10003274,35.9,5,7.18,0.0
OFF-BI-10004352,35.78,2,17.89,0.0
OFF-ST-10004835,35.71,4,8.93,0.0
OFF-SU-10004768,35.59,3,11.86,0.0
OFF-LA-10003663,35.26,3,11.75,0.0
OFF-PA-10002960,34.86,1,34.86,0.0
OFF-FA-10003021,34.59,6,5.77,0.0
OFF-AR-10001770,34.58,4,8.64,0.0
OFF-AR-10002578,34.56,4,8.64,0.0
OFF-FA-10003059,34.39,8,4.3,0.0
OFF-PA-10002741,34.24,2,17.12,0.0
FUR-FU-10001852,33.76,5,6.75,0.0
OFF-FA-10004838,33.48,4,8.37,0.0
OFF-BI-10000042,33.11,3,11.04,0.0
OFF-PA-10001752,32.87,3,10.96,0.0
OFF-BI-10004716,32.65,2,16.32,0.0
OFF-PA-10002552,32.4,2,16.2,0.0
OFF-LA-10000634,32.36,4,8.09,0.0
OFF-BI-10002609,31.59,7,4.51,0.0
OFF-AR-10002255,31.1,5,6.22,0.0
OFF-AR-10001919,30.83,7,4.4,0.0
OFF-AR-10001026,30.8,3,10.27,0.0
OFF-AR-10002833,30.58,6,5.1,0.0
OFF-PA-10004022,29.97,2,14.98,0.0
OFF-BI-10004182,29.95,4,7.49,0.0
FUR-FU-10003981,29.95,5,5.99,0.0
OFF-BI-10004967,29.95,6,4.99,0.0
TEC-MA-10004086,29.92,1,29.92,0.0
OFF-PA-10001243,29.9,2,14.95,0.0
OFF-PA-10004948,29.88,2,14.94,0.0
OFF-FA-10001229,29.87,3,9.96,0.0
OFF-EN-10001749,29.81,1,29.81,0.0
FUR-FU-10004164,29.7,2,14.85,0.0
OFF-FA-10003467,29.7,4,7.42,0.0
OFF-SU-10001935,29.65,6,4.94,0.0
OFF-AR-10001231,29.4,3,9.8,0.0
OFF-AR-10000422,29.35,4,7.34,0.0
OFF-PA-10004405,29.2,2,14.6,0.0
OFF-BI-10002049,28.85,5,5.77,0.0
OFF-BI-10002813,28.51,8,3.56,0.0
OFF-AR-10001473,28.21,3,9.4,0.0
OFF-PA-10000141,27.47,4,6.87,0.0
TEC-AC-10002380,27.19,1,27.19,0.0
TEC-AC-10004127,27.17,1,27.17,0.0
OFF-FA-10003485,26.72,2,13.36,0.0
OFF-AR-10001216,26.69,3,8.9,0.0
OFF-LA-10004677,26.57,2,13.28,0.0
OFF-AR-10003876,26.08,2,13.04,0.0
OFF-BI-10000591,26.06,4,6.52,0.0
OFF-AR-10004165,25.99,3,8.66,0.0
TEC-AC-10000487,25.96,2,12.98,0.0
OFF-AR-10003770,25.92,2,12.96,0.0
OFF-PA-10003543,25.92,2,12.96,0.0
OFF-BI-10000201,25.83,6,4.3,0.0
OFF-FA-10003472,25.7,5,5.14,0.0
OFF-PA-10003424,25.23,3,8.41,0.0
OFF-FA-10002676,24.98,5,5.0,0.0
OFF-AR-10003087,24.92,3,8.31,0.0
OFF-FA-10004076,24.55,3,8.18,0.0
OFF-AR-10004582,24.27,5,4.85,0.0
OFF-AR-10000896,24.27,2,12.14,0.0
OFF-LA-10004008,24.19,2,12.1,0.0
OFF-LA-10002381,24.02,2,12.01,0.0
OFF-SU-10002301,23.86,2,11.93,0.0
OFF-AR-10001227,23.52,2,11.76,0.0
OFF-AR-10000315,23.33,3,7.78,0.0
OFF-BI-10003094,22.88,4,5.72,0.0
OFF-AR-10000462,22.4,3,7.47,0.0
OFF-LA-10003714,21.75,3,7.25,0.0
OFF-AR-10001972,21.17,3,7.06,0.0
OFF-LA-10000476,20.65,2,10.32,0.0
OFF-AR-10003723,20.28,2,10.14,0.0
OFF-PA-10001450,19.92,1,19.92,0.0
OFF-FA-10000254,19.78,2,9.89,0.0
FUR-FU-10002240,19.7,2,9.85,0.0
OFF-FA-10000089,19.6,1,19.6,0.0
OFF-AR-10000823,19.29,3,6.43,0.0
TEC-AC-10003709,19.01,5,3.8,0.0
OFF-PA-10000859,18.31,2,9.15,0.0
OFF-PA-10001274,18.25,2,9.12,0.0
OFF-AR-10002221,18.2,3,6.07,0.0
OFF-AP-10001634,18.1,2,9.05,0.0
OFF-AR-10003896,17.94,1,17.94,0.0
OFF-LA-10000973,17.64,3,5.88,0.0
OFF-AR-10004027,17.64,3,5.88,0.0
OFF-BI-10004141,17.49,5,3.5,0.0
OFF-PA-10000308,16.9,1,16.9,0.0
OFF-LA-10002368,16.7,3,5.57,0.0
OFF-BI-10004876,16.4,3,5.47,0.0
OFF-AR-10001118,16.18,2,8.09,0.0
TEC-AC-10002370,15.76,3,5.25,0.0
OFF-FA-10000490,15.62,5,3.12,0.0
OFF-PA-10002333,15.55,1,15.55,0.0
OFF-AR-10001130,15.47,2,7.74,0.0
OFF-PA-10002109,15.23,2,7.62,0.0
OFF-AR-10002704,14.98,1,14.98,0.0
OFF-LA-10004055,14.73,2,7.36,0.0
OFF-AR-10001022,14.2,3,4.73,0.0
OFF-SU-10003936,13.99,2,7.0,0.0
TEC-PH-10003655,13.86,2,6.93,0.0
OFF-AR-10000369,13.62,3,4.54,0.0
TEC-AC-10003133,13.62,1,13.62,0.0
OFF-FA-10002701,13.44,2,6.72,0.0
OFF-FA-10001135,13.07,3,4.36,0.0
OFF-FA-10000840,13.0,3,4.33,0.0
OFF-AP-10003914,13.0,1,13.0,0.0
OFF-PA-10002001,12.96,1,12.96,0.0
OFF-PA-10001661,11.95,1,11.95,0.0
TEC-AC-10003433,11.68,5,2.34,0.0
OFF-PA-10003739,11.56,1,11.56,0.0
OFF-LA-10004272,11.56,2,5.78,0.0
OFF-BI-10000494,11.48,4,2.87,0.0
OFF-BI-10003784,11.09,4,2.77,0.0
OFF-BI-10000831,10.82,3,3.61,0.0
OFF-AR-10003958,10.5,2,5.25,0.0
OFF-SU-10003002,10.08,2,5.04,0.0
OFF-AR-10004707,9.92,2,4.96,0.0
OFF-AR-10004974,9.84,1,9.84,0.0
OFF-AP-10002906,9.77,4,2.44,0.0
TEC-PH-10004875,9.59,1,9.59,0.0
OFF-SU-10001212,9.57,2,4.78,0.0
OFF-LA-10002473,9.22,1,9.22,0.0
OFF-AR-10004272,8.4,2,4.2,0.0
OFF-FA-10001754,8.1,2,4.05,0.0
OFF-AR-10003477,8.04,1,8.04,0.0
OFF-PA-10003919,7.97,1,7.97,0.0
OFF-AR-10003986,7.7,1,7.7,0.0
OFF-EN-10001535,7.07,1,7.07,0.0
OFF-PA-10000048,6.48,1,6.48,0.0
OFF-LA-10003388,5.76,1,5.76,0.0
OFF-AP-10002203,1.62,1,1.62,0.0
